



----------------------------------  ROLE  ----------------------------------
INSERT INTO role (id, name) VALUES (1, 'ADMIN');
INSERT INTO role (id, name) VALUES (2, 'FARMER');




----------------------------------  USER  ----------------------------------
INSERT INTO user (id, first_name, last_name, email, password, enabled) VALUES (1,  'admin',     'admin',      'admin@yopmail.com',     '$2a$10$1kQmZRmgjO8RdhbekEicj.VY7XpIuvWKzIi4MMvoJaODFwbGQXA0i', true);
INSERT INTO user (id, first_name, last_name, email, password, enabled) VALUES (2,  'soloadmin', 'soloadmin',  'soloadmin@yopmail.com', '$2a$10$1kQmZRmgjO8RdhbekEicj.VY7XpIuvWKzIi4MMvoJaODFwbGQXA0i', true);
INSERT INTO user (id, first_name, last_name, email, password, enabled) VALUES (3,  'sebastian', 'silva',      'sesilvavi@gmail.com',   '$2a$10$1kQmZRmgjO8RdhbekEicj.VY7XpIuvWKzIi4MMvoJaODFwbGQXA0i', true);
INSERT INTO user (id, first_name, last_name, email, password, enabled) VALUES (4,  'user4',     'lastName4',  'user4@yopmail.com',     '$2a$10$1kQmZRmgjO8RdhbekEicj.VY7XpIuvWKzIi4MMvoJaODFwbGQXA0i', true);
INSERT INTO user (id, first_name, last_name, email, password, enabled) VALUES (5,  'user5',     'lastName5',  'user5@yopmail.com',     '$2a$10$1kQmZRmgjO8RdhbekEicj.VY7XpIuvWKzIi4MMvoJaODFwbGQXA0i', true);
INSERT INTO user (id, first_name, last_name, email, password, enabled) VALUES (6,  'user6',     'lastName6',  'user6@yopmail.com',     '$2a$10$1kQmZRmgjO8RdhbekEicj.VY7XpIuvWKzIi4MMvoJaODFwbGQXA0i', true);
INSERT INTO user (id, first_name, last_name, email, password, enabled) VALUES (7,  'user7',     'lastName7',  'user7@yopmail.com',     '$2a$10$1kQmZRmgjO8RdhbekEicj.VY7XpIuvWKzIi4MMvoJaODFwbGQXA0i', true);
INSERT INTO user (id, first_name, last_name, email, password, enabled) VALUES (8,  'user8',     'lastName8',  'user8@yopmail.com',     '$2a$10$1kQmZRmgjO8RdhbekEicj.VY7XpIuvWKzIi4MMvoJaODFwbGQXA0i', true);
INSERT INTO user (id, first_name, last_name, email, password, enabled) VALUES (9,  'user9',     'lastName9',  'user9@yopmail.com',     '$2a$10$1kQmZRmgjO8RdhbekEicj.VY7XpIuvWKzIi4MMvoJaODFwbGQXA0i', true);
INSERT INTO user (id, first_name, last_name, email, password, enabled) VALUES (10, 'user10',    'lastName10', 'user10@yopmail.com',    '$2a$10$1kQmZRmgjO8RdhbekEicj.VY7XpIuvWKzIi4MMvoJaODFwbGQXA0i', true);
INSERT INTO user (id, first_name, last_name, email, password, enabled) VALUES (11, 'user11',    'lastName11', 'user11@yopmail.com',    '$2a$10$1kQmZRmgjO8RdhbekEicj.VY7XpIuvWKzIi4MMvoJaODFwbGQXA0i', true);
INSERT INTO user (id, first_name, last_name, email, password, enabled) VALUES (12, 'user12',    'lastName12', 'user12@yopmail.com',    '$2a$10$1kQmZRmgjO8RdhbekEicj.VY7XpIuvWKzIi4MMvoJaODFwbGQXA0i', true);
INSERT INTO user (id, first_name, last_name, email, password, enabled) VALUES (13, 'user13',    'lastName13', 'user13@yopmail.com',    '$2a$10$1kQmZRmgjO8RdhbekEicj.VY7XpIuvWKzIi4MMvoJaODFwbGQXA0i', true);
INSERT INTO user (id, first_name, last_name, email, password, enabled) VALUES (14, 'user14',    'lastName14', 'user14@yopmail.com',    '$2a$10$1kQmZRmgjO8RdhbekEicj.VY7XpIuvWKzIi4MMvoJaODFwbGQXA0i', true);
INSERT INTO user (id, first_name, last_name, email, password, enabled) VALUES (15, 'user15',    'lastName15', 'user15@yopmail.com',    '$2a$10$1kQmZRmgjO8RdhbekEicj.VY7XpIuvWKzIi4MMvoJaODFwbGQXA0i', true);
INSERT INTO user (id, first_name, last_name, email, password, enabled) VALUES (16, 'user16',    'lastName16', 'user16@yopmail.com',    '$2a$10$1kQmZRmgjO8RdhbekEicj.VY7XpIuvWKzIi4MMvoJaODFwbGQXA0i', true);
INSERT INTO user (id, first_name, last_name, email, password, enabled) VALUES (17, 'user17',    'lastName17', 'user17@yopmail.com',    '$2a$10$1kQmZRmgjO8RdhbekEicj.VY7XpIuvWKzIi4MMvoJaODFwbGQXA0i', true);
INSERT INTO user (id, first_name, last_name, email, password, enabled) VALUES (18, 'user18',    'lastName18', 'user18@yopmail.com',    '$2a$10$1kQmZRmgjO8RdhbekEicj.VY7XpIuvWKzIi4MMvoJaODFwbGQXA0i', true);
INSERT INTO user (id, first_name, last_name, email, password, enabled) VALUES (19, 'user19',    'lastName19', 'user19@yopmail.com',    '$2a$10$1kQmZRmgjO8RdhbekEicj.VY7XpIuvWKzIi4MMvoJaODFwbGQXA0i', true);
INSERT INTO user (id, first_name, last_name, email, password, enabled) VALUES (20, 'user20',    'lastName20', 'user20@yopmail.com',    '$2a$10$1kQmZRmgjO8RdhbekEicj.VY7XpIuvWKzIi4MMvoJaODFwbGQXA0i', true);
INSERT INTO user (id, first_name, last_name, email, password, enabled) VALUES (21, 'user21',    'lastName21', 'user21@yopmail.com',    '$2a$10$1kQmZRmgjO8RdhbekEicj.VY7XpIuvWKzIi4MMvoJaODFwbGQXA0i', true);
INSERT INTO user (id, first_name, last_name, email, password, enabled) VALUES (22, 'user22',    'lastName22', 'user22@yopmail.com',    '$2a$10$1kQmZRmgjO8RdhbekEicj.VY7XpIuvWKzIi4MMvoJaODFwbGQXA0i', true);
INSERT INTO user (id, first_name, last_name, email, password, enabled) VALUES (23, 'user23',    'lastName23', 'user23@yopmail.com',    '$2a$10$1kQmZRmgjO8RdhbekEicj.VY7XpIuvWKzIi4MMvoJaODFwbGQXA0i', true);
INSERT INTO user (id, first_name, last_name, email, password, enabled) VALUES (24, 'user24',    'lastName24', 'user24@yopmail.com',    '$2a$10$1kQmZRmgjO8RdhbekEicj.VY7XpIuvWKzIi4MMvoJaODFwbGQXA0i', true);
INSERT INTO user (id, first_name, last_name, email, password, enabled) VALUES (25, 'user25',    'lastName25', 'user25@yopmail.com',    '$2a$10$1kQmZRmgjO8RdhbekEicj.VY7XpIuvWKzIi4MMvoJaODFwbGQXA0i', true);




--------------------------------  USER_ROLE  --------------------------------
INSERT INTO user_roles (user_id, role_id) VALUES (1,  1);
INSERT INTO user_roles (user_id, role_id) VALUES (1,  2);
INSERT INTO user_roles (user_id, role_id) VALUES (2,  1);
INSERT INTO user_roles (user_id, role_id) VALUES (3,  2);
INSERT INTO user_roles (user_id, role_id) VALUES (4,  2);
INSERT INTO user_roles (user_id, role_id) VALUES (5,  2);
INSERT INTO user_roles (user_id, role_id) VALUES (6,  2);
INSERT INTO user_roles (user_id, role_id) VALUES (7,  2);
INSERT INTO user_roles (user_id, role_id) VALUES (8,  2);
INSERT INTO user_roles (user_id, role_id) VALUES (9,  2);
INSERT INTO user_roles (user_id, role_id) VALUES (10, 2);
INSERT INTO user_roles (user_id, role_id) VALUES (11, 2);
INSERT INTO user_roles (user_id, role_id) VALUES (12, 2);
INSERT INTO user_roles (user_id, role_id) VALUES (13, 2);
INSERT INTO user_roles (user_id, role_id) VALUES (14, 2);
INSERT INTO user_roles (user_id, role_id) VALUES (15, 2);
INSERT INTO user_roles (user_id, role_id) VALUES (16, 2);
INSERT INTO user_roles (user_id, role_id) VALUES (17, 2);
INSERT INTO user_roles (user_id, role_id) VALUES (18, 2);
INSERT INTO user_roles (user_id, role_id) VALUES (19, 2);
INSERT INTO user_roles (user_id, role_id) VALUES (20, 2);
INSERT INTO user_roles (user_id, role_id) VALUES (21, 2);
INSERT INTO user_roles (user_id, role_id) VALUES (22, 2);
INSERT INTO user_roles (user_id, role_id) VALUES (23, 2);
INSERT INTO user_roles (user_id, role_id) VALUES (24, 2);
INSERT INTO user_roles (user_id, role_id) VALUES (25, 2);




--------------------------------------  FERTILIZER  --------------------------------------
INSERT INTO fertilizer (id, name, brand, price_per_gram) VALUES (1,  'Urea',                       'AgroFert',      30.0);
INSERT INTO fertilizer (id, name, brand, price_per_gram) VALUES (2,  'Nitrato de Amonio',          'FertiMax',      28.0);
INSERT INTO fertilizer (id, name, brand, price_per_gram) VALUES (3,  'Sulfato de Amonio',          'GreenGrow',     25.0);
INSERT INTO fertilizer (id, name, brand, price_per_gram) VALUES (4,  'Superfosfato',               'AgroPlus',      32.0);
INSERT INTO fertilizer (id, name, brand, price_per_gram) VALUES (5,  'Fosfato Diamónico',          'FertiCo',       35.0);
INSERT INTO fertilizer (id, name, brand, price_per_gram) VALUES (6,  'Cloruro de Potasio',         'PlantBoost',    27.0);
INSERT INTO fertilizer (id, name, brand, price_per_gram) VALUES (7,  'NPK 20-20-20',               'MegaGrow',      40.0);
INSERT INTO fertilizer (id, name, brand, price_per_gram) VALUES (8,  'NPK 15-15-15',               'AgriFert',      38.0);
INSERT INTO fertilizer (id, name, brand, price_per_gram) VALUES (9,  'NPK 10-10-10',               'EcoFert',       36.0);
INSERT INTO fertilizer (id, name, brand, price_per_gram) VALUES (10, 'Humus Líquido',              'BioFert',       45.0);
INSERT INTO fertilizer (id, name, brand, price_per_gram) VALUES (11, 'Compost Orgánico',           'GreenLife',     22.0);
INSERT INTO fertilizer (id, name, brand, price_per_gram) VALUES (12, 'Fertilizante Foliar',        'LeafGrow',      42.0);
INSERT INTO fertilizer (id, name, brand, price_per_gram) VALUES (13, 'Guano de Murciélago',        'BatFert',       50.0);
INSERT INTO fertilizer (id, name, brand, price_per_gram) VALUES (14, 'Biochar',                    'CarbonFert',    33.0);
INSERT INTO fertilizer (id, name, brand, price_per_gram) VALUES (15, 'Fertilizante Líquido',       'AquaFert',      41.0);
INSERT INTO fertilizer (id, name, brand, price_per_gram) VALUES (16, 'Micorrizas',                 'RootBoost',     29.0);
INSERT INTO fertilizer (id, name, brand, price_per_gram) VALUES (17, 'Cenizas de Madera',          'AshGrow',       26.0);
INSERT INTO fertilizer (id, name, brand, price_per_gram) VALUES (18, 'Cenizas Volcánicas',         'VolcanicFert',  31.0);
INSERT INTO fertilizer (id, name, brand, price_per_gram) VALUES (19, 'Alga Marina',                'SeaGrow',       39.0);
INSERT INTO fertilizer (id, name, brand, price_per_gram) VALUES (20, 'Harina de Hueso',            'BoneMeal',      34.0);
INSERT INTO fertilizer (id, name, brand, price_per_gram) VALUES (21, 'Harina de Pescado',          'FishMeal',      37.0);
INSERT INTO fertilizer (id, name, brand, price_per_gram) VALUES (22, 'Fertilizante de Alfalfa',    'AlfalfaGrow',   28.0);
INSERT INTO fertilizer (id, name, brand, price_per_gram) VALUES (23, 'Harina de Sangre',           'BloodMeal',     40.0);
INSERT INTO fertilizer (id, name, brand, price_per_gram) VALUES (24, 'Vermicompost',               'WormFert',      36.0);
INSERT INTO fertilizer (id, name, brand, price_per_gram) VALUES (25, 'Harina de Plumas',           'FeatherMeal',   35.0);
INSERT INTO fertilizer (id, name, brand, price_per_gram) VALUES (26, 'Biofertilizante',            'EcoBoost',      32.0);
INSERT INTO fertilizer (id, name, brand, price_per_gram) VALUES (27, 'Lombricompost',              'WormGrow',      38.0);
INSERT INTO fertilizer (id, name, brand, price_per_gram) VALUES (28, 'Sulfato de Potasio',         'PotashPlus',    30.0);
INSERT INTO fertilizer (id, name, brand, price_per_gram) VALUES (29, 'Ceniza Volcánica',           'VolcanoBoost',  31.0);
INSERT INTO fertilizer (id, name, brand, price_per_gram) VALUES (30, 'Alimento de Plantas',        'PlantFood',     45.0);
INSERT INTO fertilizer (id, name, brand, price_per_gram) VALUES (31, 'Alimento de Cactus',         'CactusFood',    28.0);
INSERT INTO fertilizer (id, name, brand, price_per_gram) VALUES (32, 'Alimento de Rosas',          'RoseFood',      42.0);
INSERT INTO fertilizer (id, name, brand, price_per_gram) VALUES (33, 'Fertilizante de Pasto',      'GrassGrow',     33.0);
INSERT INTO fertilizer (id, name, brand, price_per_gram) VALUES (34, 'Fertilizante de Jardín',     'GardenBoost',   34.0);
INSERT INTO fertilizer (id, name, brand, price_per_gram) VALUES (35, 'Fertilizante de Flores',     'FlowerPower',   39.0);
INSERT INTO fertilizer (id, name, brand, price_per_gram) VALUES (36, 'Fertilizante de Tomates',    'TomatoGrow',    36.0);
INSERT INTO fertilizer (id, name, brand, price_per_gram) VALUES (37, 'Fertilizante de Árboles',    'TreeBoost',     38.0);
INSERT INTO fertilizer (id, name, brand, price_per_gram) VALUES (38, 'Fertilizante de Cítricos',   'CitrusGrow',    40.0);
INSERT INTO fertilizer (id, name, brand, price_per_gram) VALUES (39, 'Fertilizante de Hortalizas', 'VeggieBoost',   35.0);
INSERT INTO fertilizer (id, name, brand, price_per_gram) VALUES (40, 'Fertilizante de Vides',      'VineGrow',      37.0);
INSERT INTO fertilizer (id, name, brand, price_per_gram) VALUES (41, 'Fertilizante de Frutas',     'FruitBoost',    33.0);
INSERT INTO fertilizer (id, name, brand, price_per_gram) VALUES (42, 'Abono de Gallinaza',         'ChickenFert',   24.0);
INSERT INTO fertilizer (id, name, brand, price_per_gram) VALUES (43, 'Abono de Borregaza',         'SheepFert',     25.0);
INSERT INTO fertilizer (id, name, brand, price_per_gram) VALUES (44, 'Fertilizante Orgánico',      'OrganicBoost',  38.0);
INSERT INTO fertilizer (id, name, brand, price_per_gram) VALUES (45, 'Abono de Vacas',             'CowFert',       23.0);
INSERT INTO fertilizer (id, name, brand, price_per_gram) VALUES (46, 'Fertilizante de Palma',      'PalmGrow',      34.0);
INSERT INTO fertilizer (id, name, brand, price_per_gram) VALUES (47, 'Fertilizante de Banano',     'BananaBoost',   36.0);
INSERT INTO fertilizer (id, name, brand, price_per_gram) VALUES (48, 'Fertilizante de Maíz',       'CornGrow',      29.0);
INSERT INTO fertilizer (id, name, brand, price_per_gram) VALUES (49, 'Fertilizante de Café',       'CoffeeBoost',   32.0);
INSERT INTO fertilizer (id, name, brand, price_per_gram) VALUES (50, 'Fertilizante de Cacao',      'CocoaGrow',     35.0);
INSERT INTO fertilizer (id, name, brand, price_per_gram) VALUES (51, 'Abono de Caballo',           'HorseFert',     27.0);
INSERT INTO fertilizer (id, name, brand, price_per_gram) VALUES (52, 'Fertilizante de Piña',       'PineappleGrow', 31.0);
INSERT INTO fertilizer (id, name, brand, price_per_gram) VALUES (53, 'Fertilizante de Papaya',     'PapayaBoost',   30.0);
INSERT INTO fertilizer (id, name, brand, price_per_gram) VALUES (54, 'Fertilizante de Aguacate',   'AvocadoGrow',   32.0);
INSERT INTO fertilizer (id, name, brand, price_per_gram) VALUES (55, 'Fertilizante de Soya',       'SoyGrow',       33.0);
INSERT INTO fertilizer (id, name, brand, price_per_gram) VALUES (56, 'Fertilizante de Trigo',      'WheatGrow',     28.0);
INSERT INTO fertilizer (id, name, brand, price_per_gram) VALUES (57, 'Fertilizante de Arroz',      'RiceGrow',      29.0);
INSERT INTO fertilizer (id, name, brand, price_per_gram) VALUES (58, 'Fertilizante de Cebada',     'BarleyGrow',    30.0);
INSERT INTO fertilizer (id, name, brand, price_per_gram) VALUES (59, 'Fertilizante de Avena',      'OatGrow',       32.0);
INSERT INTO fertilizer (id, name, brand, price_per_gram) VALUES (60, 'Fertilizante de Remolacha',  'BeetBoost',     31.0);




--------------------------------------  PESTICIDE  --------------------------------------
INSERT INTO pesticide (id, name, brand, price_per_gram) VALUES (1,  'InsectGuard',  'CropSafe',      45.0);
INSERT INTO pesticide (id, name, brand, price_per_gram) VALUES (2,  'WeedStop',    'AgriProtect',   50.0);
INSERT INTO pesticide (id, name, brand, price_per_gram) VALUES (3,  'FungiClear',  'BioShield',     48.0);
INSERT INTO pesticide (id, name, brand, price_per_gram) VALUES (4,  'MiteAway',    'PestBane',      46.0);
INSERT INTO pesticide (id, name, brand, price_per_gram) VALUES (5,  'AphidBuster', 'GreenGuard',    49.0);
INSERT INTO pesticide (id, name, brand, price_per_gram) VALUES (6,  'CropDefense', 'AgriCare',      47.0);
INSERT INTO pesticide (id, name, brand, price_per_gram) VALUES (7,  'BugShield',   'PestControl',   44.0);
INSERT INTO pesticide (id, name, brand, price_per_gram) VALUES (8,  'WeedAway',    'CropShield',    51.0);
INSERT INTO pesticide (id, name, brand, price_per_gram) VALUES (9,  'MildewGuard', 'BioProtect',    48.0);
INSERT INTO pesticide (id, name, brand, price_per_gram) VALUES (10, 'SlugStop',    'AgriShield',    50.0);
INSERT INTO pesticide (id, name, brand, price_per_gram) VALUES (11, 'CropSaver',   'GreenProtect',  45.0);
INSERT INTO pesticide (id, name, brand, price_per_gram) VALUES (12, 'BugAway',     'AgriSafe',      47.0);
INSERT INTO pesticide (id, name, brand, price_per_gram) VALUES (13, 'PestShield',  'CropDefense',   46.0);
INSERT INTO pesticide (id, name, brand, price_per_gram) VALUES (14, 'InsectAway',  'BioSafe',       49.0);
INSERT INTO pesticide (id, name, brand, price_per_gram) VALUES (15, 'WeedGuard',   'AgriGuard',     50.0);
INSERT INTO pesticide (id, name, brand, price_per_gram) VALUES (16, 'FungiStop',   'CropSafe',      48.0);
INSERT INTO pesticide (id, name, brand, price_per_gram) VALUES (17, 'MiteShield',  'GreenGuard',    46.0);
INSERT INTO pesticide (id, name, brand, price_per_gram) VALUES (18, 'AphidGuard',  'PestControl',   49.0);
INSERT INTO pesticide (id, name, brand, price_per_gram) VALUES (19, 'CropCare',    'AgriSafe',      47.0);
INSERT INTO pesticide (id, name, brand, price_per_gram) VALUES (20, 'BugGuard',    'BioShield',     44.0);
INSERT INTO pesticide (id, name, brand, price_per_gram) VALUES (21, 'WeedSafe',    'CropProtect',   51.0);
INSERT INTO pesticide (id, name, brand, price_per_gram) VALUES (22, 'MildewStop',  'AgriCare',      48.0);
INSERT INTO pesticide (id, name, brand, price_per_gram) VALUES (23, 'SlugShield',  'GreenGuard',    50.0);
INSERT INTO pesticide (id, name, brand, price_per_gram) VALUES (24, 'CropStop',    'PestBane',      45.0);
INSERT INTO pesticide (id, name, brand, price_per_gram) VALUES (25, 'BugStop',     'AgriProtect',   47.0);
INSERT INTO pesticide (id, name, brand, price_per_gram) VALUES (26, 'PestGuard',   'BioSafe',       46.0);
INSERT INTO pesticide (id, name, brand, price_per_gram) VALUES (27, 'InsectStop',  'CropShield',    49.0);
INSERT INTO pesticide (id, name, brand, price_per_gram) VALUES (28, 'WeedBane',    'AgriShield',    50.0);
INSERT INTO pesticide (id, name, brand, price_per_gram) VALUES (29, 'FungiGuard',  'GreenProtect',  48.0);
INSERT INTO pesticide (id, name, brand, price_per_gram) VALUES (30, 'MiteStop',    'PestControl',   46.0);
INSERT INTO pesticide (id, name, brand, price_per_gram) VALUES (31, 'AphidSafe',   'BioShield',     49.0);
INSERT INTO pesticide (id, name, brand, price_per_gram) VALUES (32, 'CropShield',  'AgriSafe',      47.0);
INSERT INTO pesticide (id, name, brand, price_per_gram) VALUES (33, 'BugSafe',     'GreenGuard',    44.0);
INSERT INTO pesticide (id, name, brand, price_per_gram) VALUES (34, 'WeedShield',  'PestControl',   51.0);
INSERT INTO pesticide (id, name, brand, price_per_gram) VALUES (35, 'MildewSafe',  'AgriCare',      48.0);
INSERT INTO pesticide (id, name, brand, price_per_gram) VALUES (36, 'SlugGuard',   'CropSafe',      50.0);
INSERT INTO pesticide (id, name, brand, price_per_gram) VALUES (37, 'CropSafe',    'AgriProtect',   45.0);
INSERT INTO pesticide (id, name, brand, price_per_gram) VALUES (38, 'BugGuard',    'BioSafe',       47.0);
INSERT INTO pesticide (id, name, brand, price_per_gram) VALUES (39, 'PestStop',    'GreenProtect',  46.0);
INSERT INTO pesticide (id, name, brand, price_per_gram) VALUES (40, 'InsectSafe',  'PestBane',      49.0);
INSERT INTO pesticide (id, name, brand, price_per_gram) VALUES (41, 'WeedGuard',   'AgriSafe',      50.0);
INSERT INTO pesticide (id, name, brand, price_per_gram) VALUES (42, 'FungiSafe',   'CropShield',    48.0);
INSERT INTO pesticide (id, name, brand, price_per_gram) VALUES (43, 'MiteGuard',   'BioShield',     46.0);
INSERT INTO pesticide (id, name, brand, price_per_gram) VALUES (44, 'AphidStop',   'PestControl',   49.0);
INSERT INTO pesticide (id, name, brand, price_per_gram) VALUES (45, 'CropGuard',   'AgriCare',      47.0);
INSERT INTO pesticide (id, name, brand, price_per_gram) VALUES (46, 'BugStop',     'GreenGuard',    44.0);
INSERT INTO pesticide (id, name, brand, price_per_gram) VALUES (47, 'WeedStop',    'PestBane',      51.0);
INSERT INTO pesticide (id, name, brand, price_per_gram) VALUES (48, 'MildewGuard', 'AgriProtect',   48.0);
INSERT INTO pesticide (id, name, brand, price_per_gram) VALUES (49, 'SlugSafe',    'CropSafe',      50.0);
INSERT INTO pesticide (id, name, brand, price_per_gram) VALUES (50, 'CropSafe',    'BioShield',     45.0);
INSERT INTO pesticide (id, name, brand, price_per_gram) VALUES (51, 'BugGuard',    'PestControl',   47.0);
INSERT INTO pesticide (id, name, brand, price_per_gram) VALUES (52, 'PestSafe',    'GreenProtect',  46.0);
INSERT INTO pesticide (id, name, brand, price_per_gram) VALUES (53, 'InsectGuard', 'AgriSafe',      49.0);
INSERT INTO pesticide (id, name, brand, price_per_gram) VALUES (54, 'WeedGuard',   'BioShield',     50.0);
INSERT INTO pesticide (id, name, brand, price_per_gram) VALUES (55, 'FungiStop',   'CropShield',    48.0);
INSERT INTO pesticide (id, name, brand, price_per_gram) VALUES (56, 'MiteSafe',    'PestBane',      46.0);
INSERT INTO pesticide (id, name, brand, price_per_gram) VALUES (57, 'AphidGuard',  'AgriCare',      49.0);
INSERT INTO pesticide (id, name, brand, price_per_gram) VALUES (58, 'CropStop',    'GreenGuard',    47.0);
INSERT INTO pesticide (id, name, brand, price_per_gram) VALUES (59, 'BugShield',   'PestControl',   44.0);
INSERT INTO pesticide (id, name, brand, price_per_gram) VALUES (60, 'WeedBane',    'CropShield',    51.0);




--------------------------------------  CROP_TYPE  --------------------------------------
INSERT INTO crop_type (id, weather, name, plant_quantity_per_square_meter, harvest_time, fertilizer_quantity_per_plant, fertilizer_frequency, pesticide_quantity_per_plant, pesticide_frequency, fertilizer_id, pesticide_id) VALUES (1,  'TEMPLADO', 'Trigo',       25, 120,  5,  60,  2,  30,  1,  1);
INSERT INTO crop_type (id, weather, name, plant_quantity_per_square_meter, harvest_time, fertilizer_quantity_per_plant, fertilizer_frequency, pesticide_quantity_per_plant, pesticide_frequency, fertilizer_id, pesticide_id) VALUES (2,  'TEMPLADO', 'Manzana',     2,  365,  10, 180, 5,  60,  2,  2);
INSERT INTO crop_type (id, weather, name, plant_quantity_per_square_meter, harvest_time, fertilizer_quantity_per_plant, fertilizer_frequency, pesticide_quantity_per_plant, pesticide_frequency, fertilizer_id, pesticide_id) VALUES (3,  'TEMPLADO', 'Avena',       20, 100,  4,  50,  1,  30,  3,  3);
INSERT INTO crop_type (id, weather, name, plant_quantity_per_square_meter, harvest_time, fertilizer_quantity_per_plant, fertilizer_frequency, pesticide_quantity_per_plant, pesticide_frequency, fertilizer_id, pesticide_id) VALUES (4,  'TEMPLADO', 'Cebada',      20, 110,  5,  60,  2,  30,  4,  4);
INSERT INTO crop_type (id, weather, name, plant_quantity_per_square_meter, harvest_time, fertilizer_quantity_per_plant, fertilizer_frequency, pesticide_quantity_per_plant, pesticide_frequency, fertilizer_id, pesticide_id) VALUES (5,  'TEMPLADO', 'Remolacha',   10, 180,  7,  90,  3,  40,  5,  5);
INSERT INTO crop_type (id, weather, name, plant_quantity_per_square_meter, harvest_time, fertilizer_quantity_per_plant, fertilizer_frequency, pesticide_quantity_per_plant, pesticide_frequency, fertilizer_id, pesticide_id) VALUES (6,  'TROPICAL', 'Banano',      4,  365,  15, 90,  5,  60,  6,  6);
INSERT INTO crop_type (id, weather, name, plant_quantity_per_square_meter, harvest_time, fertilizer_quantity_per_plant, fertilizer_frequency, pesticide_quantity_per_plant, pesticide_frequency, fertilizer_id, pesticide_id) VALUES (7,  'TROPICAL', 'Papaya',      5,  240,  10, 60,  4,  50,  7,  7);
INSERT INTO crop_type (id, weather, name, plant_quantity_per_square_meter, harvest_time, fertilizer_quantity_per_plant, fertilizer_frequency, pesticide_quantity_per_plant, pesticide_frequency, fertilizer_id, pesticide_id) VALUES (8,  'TROPICAL', 'Mango',       2,  365,  15, 180, 6,  75,  8,  8);
INSERT INTO crop_type (id, weather, name, plant_quantity_per_square_meter, harvest_time, fertilizer_quantity_per_plant, fertilizer_frequency, pesticide_quantity_per_plant, pesticide_frequency, fertilizer_id, pesticide_id) VALUES (9,  'TROPICAL', 'Piña',        6,  365,  8,  180, 5,  60,  9,  9);
INSERT INTO crop_type (id, weather, name, plant_quantity_per_square_meter, harvest_time, fertilizer_quantity_per_plant, fertilizer_frequency, pesticide_quantity_per_plant, pesticide_frequency, fertilizer_id, pesticide_id) VALUES (10, 'TROPICAL', 'Coco',        1,  365,  20, 365, 8,  90,  10, 10);
INSERT INTO crop_type (id, weather, name, plant_quantity_per_square_meter, harvest_time, fertilizer_quantity_per_plant, fertilizer_frequency, pesticide_quantity_per_plant, pesticide_frequency, fertilizer_id, pesticide_id) VALUES (11, 'FRIO',     'Fresa',       20, 120,  5,  60,  2,  30,  11, 11);
INSERT INTO crop_type (id, weather, name, plant_quantity_per_square_meter, harvest_time, fertilizer_quantity_per_plant, fertilizer_frequency, pesticide_quantity_per_plant, pesticide_frequency, fertilizer_id, pesticide_id) VALUES (12, 'FRIO',     'Uva',         10, 365,  10, 120, 5,  60,  12, 12);
INSERT INTO crop_type (id, weather, name, plant_quantity_per_square_meter, harvest_time, fertilizer_quantity_per_plant, fertilizer_frequency, pesticide_quantity_per_plant, pesticide_frequency, fertilizer_id, pesticide_id) VALUES (13, 'FRIO',     'Arándano',    15, 150,  8,  80,  4,  40,  13, 13);
INSERT INTO crop_type (id, weather, name, plant_quantity_per_square_meter, harvest_time, fertilizer_quantity_per_plant, fertilizer_frequency, pesticide_quantity_per_plant, pesticide_frequency, fertilizer_id, pesticide_id) VALUES (14, 'FRIO',     'Col',         10, 100,  6,  50,  3,  30,  14, 14);
INSERT INTO crop_type (id, weather, name, plant_quantity_per_square_meter, harvest_time, fertilizer_quantity_per_plant, fertilizer_frequency, pesticide_quantity_per_plant, pesticide_frequency, fertilizer_id, pesticide_id) VALUES (15, 'FRIO',     'Zanahoria',   20, 120,  5,  60,  2,  30,  15, 15);
INSERT INTO crop_type (id, weather, name, plant_quantity_per_square_meter, harvest_time, fertilizer_quantity_per_plant, fertilizer_frequency, pesticide_quantity_per_plant, pesticide_frequency, fertilizer_id, pesticide_id) VALUES (16, 'CALIDO',   'Guayaba',     4,  210,  12, 90,  5,  50,  16, 16);
INSERT INTO crop_type (id, weather, name, plant_quantity_per_square_meter, harvest_time, fertilizer_quantity_per_plant, fertilizer_frequency, pesticide_quantity_per_plant, pesticide_frequency, fertilizer_id, pesticide_id) VALUES (17, 'CALIDO',   'Maíz',        8,  150,  7,  60,  3,  45,  17, 17);
INSERT INTO crop_type (id, weather, name, plant_quantity_per_square_meter, harvest_time, fertilizer_quantity_per_plant, fertilizer_frequency, pesticide_quantity_per_plant, pesticide_frequency, fertilizer_id, pesticide_id) VALUES (18, 'CALIDO',   'Sandía',      5,  120,  8,  70,  4,  40,  18, 18);
INSERT INTO crop_type (id, weather, name, plant_quantity_per_square_meter, harvest_time, fertilizer_quantity_per_plant, fertilizer_frequency, pesticide_quantity_per_plant, pesticide_frequency, fertilizer_id, pesticide_id) VALUES (19, 'CALIDO',   'Chile',       10, 150,  6,  60,  3,  30,  19, 19);
INSERT INTO crop_type (id, weather, name, plant_quantity_per_square_meter, harvest_time, fertilizer_quantity_per_plant, fertilizer_frequency, pesticide_quantity_per_plant, pesticide_frequency, fertilizer_id, pesticide_id) VALUES (20, 'CALIDO',   'Tomate',      12, 120,  7,  60,  4,  35,  20, 20);




---------------------------------------  PROJECT  ---------------------------------------
--INSERT INTO project (id, crop_type_id, name, status, start_date, end_date, municipality, total_budget, image_url) VALUES(1,  1,  'Proyecto Trigo',   'CREADO',  '2023-01-01', '2023-12-31', 'Vegachí',       10000, 'trigo.jpg');
--INSERT INTO project (id, crop_type_id, name, status, start_date, end_date, municipality, total_budget, image_url) VALUES(2,  2,  'Proyecto Manzana', 'CREADO',  '2023-01-01', '2023-12-31', 'Segovia',       10000, 'manzana.jpg');
--INSERT INTO project (id, crop_type_id, name, status, start_date, end_date, municipality, total_budget, image_url) VALUES(3,  3,  'Proyecto Avena',   'CREADO',  '2023-01-01', '2023-12-31', 'Remedios',      10000, 'avena.jpg');
--INSERT INTO project (id, crop_type_id, name, status, start_date, end_date, municipality, total_budget, image_url) VALUES(4,  4,  'Proyecto Cebada',  'CREADO',  '2023-01-01', '2023-12-31', 'Copacabana',    10000, 'bg-verde-03.jpg');
--INSERT INTO project (id, crop_type_id, name, status, start_date, end_date, municipality, total_budget, image_url) VALUES(5,  1,  'Proyecto Trigo',   'CREADO',  '2023-01-01', '2023-12-31', 'Barbosa',       10000, 'bg-verde-03.jpg');
--INSERT INTO project (id, crop_type_id, name, status, start_date, end_date, municipality, total_budget, image_url) VALUES(6,  1,  'Proyecto Trigo',   'CREADO',  '2023-01-01', '2023-12-31', 'El Bagre',      10000, 'bg-verde-04.jpg');
--INSERT INTO project (id, crop_type_id, name, status, start_date, end_date, municipality, total_budget, image_url) VALUES(7,  1,  'Proyecto Trigo',   'CREADO',  '2023-01-01', '2023-12-31', 'Zaragosa',      10000, 'bg-verde-05.jpg');
--INSERT INTO project (id, crop_type_id, name, status, start_date, end_date, municipality, total_budget, image_url) VALUES(8,  8,  'Proyecto Mango',   'CREADO',  '2023-01-01', '2023-12-31', 'Itagüí',        10000, 'bg-verde-05.jpg');
--INSERT INTO project (id, crop_type_id, name, status, start_date, end_date, municipality, total_budget, image_url) VALUES(9,  2,  'Proyecto Manzana', 'CREADO',  '2023-01-01', '2023-12-31', 'Caucasia',      10000, 'bg-verde-07.jpg');
--INSERT INTO project (id, crop_type_id, name, status, start_date, end_date, municipality, total_budget, image_url) VALUES(10, 10, 'Proyecto Coco',    'CERRADO', '2023-01-01', '2023-12-31', 'Puerto Berrío', 10000, 'bg-verde-08.jpg');


--------------------------------------  PROJECT  --------------------------------------
INSERT INTO project (id, crop_type_id, name, status, start_date, end_date, municipality, total_budget, image_url) VALUES (1,  1,  'Proyecto de Trigo',         'CREADO',  '2024-01-15',  '2024-05-15',  'Amagá',         15000000.00, 'trigo.jpg');
INSERT INTO project (id, crop_type_id, name, status, start_date, end_date, municipality, total_budget, image_url) VALUES (2,  2,  'Cultivo de Manzanas',       'CREADO',  '2024-02-01',  '2024-07-01',  'Segovia',       20000000.00, 'manzana.jpg');
INSERT INTO project (id, crop_type_id, name, status, start_date, end_date, municipality, total_budget, image_url) VALUES (3,  3,  'Producción de Avena',       'CREADO',  '2024-03-01',  '2024-06-30',  'Remedios',      18000000.00, 'avena.jpg');
INSERT INTO project (id, crop_type_id, name, status, start_date, end_date, municipality, total_budget, image_url) VALUES (4,  4,  'Cosecha de Cebada',         'CREADO',  '2023-11-01',  '2024-03-15',  'Copacabana',    22000000.00, 'cebada.jpg');
INSERT INTO project (id, crop_type_id, name, status, start_date, end_date, municipality, total_budget, image_url) VALUES (5,  5,  'Cultivo de Remolacha',      'CREADO',  '2024-04-01',  '2024-09-01',  'Barbosa',       25000000.00, 'remolacha.jpg');
INSERT INTO project (id, crop_type_id, name, status, start_date, end_date, municipality, total_budget, image_url) VALUES (6,  6,  'Plantación de Banano',      'CREADO',  '2024-01-15',  '2024-07-15',  'El Bagre',      30000000.00, 'banano.png');
INSERT INTO project (id, crop_type_id, name, status, start_date, end_date, municipality, total_budget, image_url) VALUES (7,  7,  'Producción de Papaya',      'CREADO',  '2023-06-01',  '2023-12-01',  'Zaragoza',      28000000.00, 'papaya.jpg');
INSERT INTO project (id, crop_type_id, name, status, start_date, end_date, municipality, total_budget, image_url) VALUES (8,  8,  'Plantación de Mango',       'CREADO',  '2024-03-01',  '2024-08-30',  'Guarne',        32000000.00, 'mango.jpeg');
INSERT INTO project (id, crop_type_id, name, status, start_date, end_date, municipality, total_budget, image_url) VALUES (9,  9,  'Cultivo de Piña',           'CREADO',  '2024-04-15',  '2024-10-15',  'Caucasia',      35000000.00, 'piña.jpg');
INSERT INTO project (id, crop_type_id, name, status, start_date, end_date, municipality, total_budget, image_url) VALUES (10, 10, 'Producción de Coco',        'CREADO',  '2024-01-01',  '2024-06-01',  'Puerto Berrío', 27000000.00, 'coco.jpeg');
INSERT INTO project (id, crop_type_id, name, status, start_date, end_date, municipality, total_budget, image_url) VALUES (11, 11, 'Cultivo de Fresa',          'CREADO',  '2024-05-01',  '2024-11-01',  'Jericó',        24000000.00, 'fresa.jpg');
INSERT INTO project (id, crop_type_id, name, status, start_date, end_date, municipality, total_budget, image_url) VALUES (12, 12, 'Plantación de Uva',         'CREADO',  '2024-02-01',  '2024-07-31',  'Maceo',         26000000.00, 'uva.jpg');
INSERT INTO project (id, crop_type_id, name, status, start_date, end_date, municipality, total_budget, image_url) VALUES (13, 13, 'Cultivo de Arándano',       'CREADO',  '2023-10-01',  '2024-02-28',  'Marinilla',     25000000.00, 'arandano.jpg');
INSERT INTO project (id, crop_type_id, name, status, start_date, end_date, municipality, total_budget, image_url) VALUES (14, 14, 'Producción de Col',         'CREADO',  '2024-03-01',  '2024-09-01',  'Jardín',        22000000.00, 'col.jpg');
INSERT INTO project (id, crop_type_id, name, status, start_date, end_date, municipality, total_budget, image_url) VALUES (15, 15, 'Plantación de Zanahoria',   'CREADO',  '2024-04-01',  '2024-10-01',  'San Carlos',    23000000.00, 'zanahoria.jpg');
INSERT INTO project (id, crop_type_id, name, status, start_date, end_date, municipality, total_budget, image_url) VALUES (16, 16, 'Producción de Guayaba',     'CREADO',  '2024-01-01',  '2024-06-30',  'Puerto Nare',   28000000.00, 'guayaba.jpg');
INSERT INTO project (id, crop_type_id, name, status, start_date, end_date, municipality, total_budget, image_url) VALUES (17, 17, 'Cultivo de Maíz',           'CREADO',  '2024-02-15',  '2024-08-15',  'Rionegro',      29000000.00, 'maiz.jpg');
INSERT INTO project (id, crop_type_id, name, status, start_date, end_date, municipality, total_budget, image_url) VALUES (18, 18, 'Producción de Sandía',      'CREADO',  '2023-11-01',  '2024-05-01',  'San Francisco', 31000000.00, 'sandia.jpg');
INSERT INTO project (id, crop_type_id, name, status, start_date, end_date, municipality, total_budget, image_url) VALUES (19, 19, 'Cultivo de Chile',          'CREADO',  '2024-03-15',  '2024-09-15',  'La Ceja',       27000000.00, 'chile.jpg');
INSERT INTO project (id, crop_type_id, name, status, start_date, end_date, municipality, total_budget, image_url) VALUES (20, 20, 'Plantación de Tomate',      'CREADO',  '2024-04-01',  '2024-10-01',  'Nechí',         26000000.00, 'tomate.jpg');








--------------------------------------------------------------------------------------------------------------------------------------------------------
---------------------------------------------  PROJECT_APPLICATION  ------------  AND  ------------  CROP  ---------------------------------------------
--------------------------------------------------------------------------------------------------------------------------------------------------------

------------ project 1, admin (1) ------------
------------ project 1, admin (1) ------------
INSERT INTO project_application (id, project_id, applicant_id, application_status, application_date, review_date, farm_name, area) VALUES (1,  1,  1,  'APROBADO', '2023-01-02', '2023-03-03', 'Finca la Peña', 200);
INSERT INTO crop (id, project_application_id, status, start_date, end_date, expected_expense, assigned_budget, sale_value) VALUES (1, 1, 'CREADO', '2023-03-03', '2023-06-01', 1500000.00, 3000000.00, 4000000.00);

INSERT INTO project_application (id, project_id, applicant_id, application_status, application_date, review_date, farm_name, area) VALUES (2,  1,  1,  'APROBADO', '2023-01-02', '2023-03-03', 'Finca la Esmeralda', 220);
INSERT INTO crop (id, project_application_id, status, start_date, end_date, expected_expense, assigned_budget, sale_value) VALUES (2, 2, 'CREADO', '2023-03-03', '2023-06-01', 1600000.00, 3200000.00, 4200000.00);

INSERT INTO project_application (id, project_id, applicant_id, application_status, application_date, review_date, farm_name, area) VALUES (3,  1,  1,  'APROBADO', '2023-01-02', '2023-03-03', 'Finca la Veterana', 125);
INSERT INTO crop (id, project_application_id, status, start_date, end_date, expected_expense, assigned_budget, sale_value) VALUES (3, 3, 'CREADO', '2023-03-03', '2023-06-01', 1200000.00, 2500000.00, 3500000.00);

INSERT INTO project_application (id, project_id, applicant_id, application_status, application_date, review_date, farm_name, area) VALUES (4,  1,  1,  'APROBADO', '2023-01-02', '2023-03-03', 'Finca el Consorcio', 310);
INSERT INTO crop (id, project_application_id, status, start_date, end_date, expected_expense, assigned_budget, sale_value) VALUES (4, 4, 'CREADO', '2023-03-03', '2023-06-01', 1700000.00, 3400000.00, 4500000.00);

INSERT INTO project_application (id, project_id, applicant_id, application_status, application_date, review_date, farm_name, area) VALUES (5,  1,  1,  'APROBADO', '2023-01-02', '2023-03-03', 'Finca el Doradal', 300);
INSERT INTO crop (id, project_application_id, status, start_date, end_date, expected_expense, assigned_budget, sale_value) VALUES (5, 5, 'CREADO', '2023-03-03', '2023-06-01', 1600000.00, 3200000.00, 4300000.00);

INSERT INTO project_application (id, project_id, applicant_id, application_status, application_date, review_date, farm_name, area) VALUES (6,  1,  1,  'APROBADO', '2023-01-02', '2023-03-03', 'Finca el Hueso', 160);
INSERT INTO crop (id, project_application_id, status, start_date, end_date, expected_expense, assigned_budget, sale_value) VALUES (6, 6, 'CREADO', '2023-03-03', '2023-06-01', 1300000.00, 2600000.00, 3600000.00);

INSERT INTO project_application (id, project_id, applicant_id, application_status, application_date, review_date, farm_name, area) VALUES (7,  1,  1,  'APROBADO', '2023-01-02', '2023-03-03', 'Finca la Hormiga', 170);
INSERT INTO crop (id, project_application_id, status, start_date, end_date, expected_expense, assigned_budget, sale_value) VALUES (7, 7, 'CREADO', '2023-03-03', '2023-06-01', 1400000.00, 2800000.00, 3900000.00);

INSERT INTO project_application (id, project_id, applicant_id, application_status, application_date, review_date, farm_name, area) VALUES (8,  1,  1,  'APROBADO', '2023-01-02', '2023-03-03', 'Finca el Paraiso', 180);
INSERT INTO crop (id, project_application_id, status, start_date, end_date, expected_expense, assigned_budget, sale_value) VALUES (8, 8, 'CREADO', '2023-03-03', '2023-06-01', 1400000.00, 2800000.00, 3900000.00);

INSERT INTO project_application (id, project_id, applicant_id, application_status, application_date, review_date, farm_name, area) VALUES (9,  1,  1,  'APROBADO', '2023-01-02', '2023-03-03', 'Finca la Linda', 190);
INSERT INTO crop (id, project_application_id, status, start_date, end_date, expected_expense, assigned_budget, sale_value) VALUES (9, 9, 'CREADO', '2023-03-03', '2023-06-01', 1500000.00, 3000000.00, 4100000.00);

INSERT INTO project_application (id, project_id, applicant_id, application_status, application_date, review_date, farm_name, area) VALUES (10,  1,  1,  'APROBADO', '2023-01-02', '2023-03-03', 'Finca el Árbol', 160);
INSERT INTO crop (id, project_application_id, status, start_date, end_date, expected_expense, assigned_budget, sale_value) VALUES (10, 10, 'CREADO', '2023-03-03', '2023-06-01', 1300000.00, 2600000.00, 3600000.00);

INSERT INTO project_application (id, project_id, applicant_id, application_status, application_date, review_date, farm_name, area) VALUES (11,  1,  1,  'APROBADO', '2023-01-02', '2023-03-03', 'Finca la Camila', 260);
INSERT INTO crop (id, project_application_id, status, start_date, end_date, expected_expense, assigned_budget, sale_value) VALUES (11, 11, 'CREADO', '2023-03-03', '2023-06-01', 1700000.00, 3400000.00, 4500000.00);

INSERT INTO project_application (id, project_id, applicant_id, application_status, application_date, review_date, farm_name, area) VALUES (12,  1,  1,  'APROBADO', '2023-01-02', '2023-03-03', 'Finca el Balón', 360);
INSERT INTO crop (id, project_application_id, status, start_date, end_date, expected_expense, assigned_budget, sale_value) VALUES (12, 12, 'CREADO', '2023-03-03', '2023-06-01', 1800000.00, 3600000.00, 4700000.00);

INSERT INTO project_application (id, project_id, applicant_id, application_status, application_date, review_date, farm_name, area) VALUES (13,  1,  1,  'APROBADO', '2023-01-02', '2023-03-03', 'Finca la Loma', 120);
INSERT INTO crop (id, project_application_id, status, start_date, end_date, expected_expense, assigned_budget, sale_value) VALUES (13, 13, 'CREADO', '2023-03-03', '2023-06-01', 1100000.00, 2200000.00, 3200000.00);


------------ project 2, admin (1) ------------
INSERT INTO project_application (id, project_id, applicant_id, application_status, application_date, review_date, farm_name, area) VALUES (14,  2,  1,  'APROBADO', '2023-01-02', '2023-03-03', 'Finca el Camión', 140);
INSERT INTO crop (id, project_application_id, status, start_date, end_date, expected_expense, assigned_budget, sale_value) VALUES (14, 14, 'CREADO', '2023-03-03', '2023-06-01', 1000000.00, 2200000.00, 3500000.00);

INSERT INTO project_application (id, project_id, applicant_id, application_status, application_date, review_date, farm_name, area) VALUES (15,  2,  1,  'APROBADO', '2023-01-02', '2023-03-03', 'Finca la Colina', 120);
INSERT INTO crop (id, project_application_id, status, start_date, end_date, expected_expense, assigned_budget, sale_value) VALUES (15, 15, 'CREADO', '2023-03-03', '2023-06-01', 900000.00, 2100000.00, 3400000.00);

INSERT INTO project_application (id, project_id, applicant_id, application_status, application_date, review_date, farm_name, area) VALUES (16,  2,  1,  'APROBADO', '2023-01-02', '2023-03-03', 'Finca el Camino Real', 160);
INSERT INTO crop (id, project_application_id, status, start_date, end_date, expected_expense, assigned_budget, sale_value) VALUES (16, 16, 'CREADO', '2023-03-03', '2023-06-01', 1200000.00, 2400000.00, 3600000.00);

INSERT INTO project_application (id, project_id, applicant_id, application_status, application_date, review_date, farm_name, area) VALUES (17,  2,  1,  'APROBADO', '2023-01-02', '2023-03-03', 'Finca la Pintada', 320);
INSERT INTO crop (id, project_application_id, status, start_date, end_date, expected_expense, assigned_budget, sale_value) VALUES (17, 17, 'CREADO', '2023-03-03', '2023-06-01', 1400000.00, 2600000.00, 3700000.00);

INSERT INTO project_application (id, project_id, applicant_id, application_status, application_date, review_date, farm_name, area) VALUES (18,  2,  1,  'APROBADO', '2023-01-02', '2023-03-03', 'Finca el Filo', 210);
INSERT INTO crop (id, project_application_id, status, start_date, end_date, expected_expense, assigned_budget, sale_value) VALUES (18, 18, 'CREADO', '2023-03-03', '2023-06-01', 1100000.00, 2300000.00, 3500000.00);

INSERT INTO project_application (id, project_id, applicant_id, application_status, application_date, review_date, farm_name, area) VALUES (19,  2,  1,  'APROBADO', '2023-01-02', '2023-03-03', 'Finca la Marea', 290);
INSERT INTO crop (id, project_application_id, status, start_date, end_date, expected_expense, assigned_budget, sale_value) VALUES (19, 19, 'CREADO', '2023-03-03', '2023-06-01', 1500000.00, 2700000.00, 3800000.00);

INSERT INTO project_application (id, project_id, applicant_id, application_status, application_date, review_date, farm_name, area) VALUES (20,  2,  1,  'APROBADO', '2023-01-02', '2023-03-03', 'Finca el Ferretero', 450);
INSERT INTO crop (id, project_application_id, status, start_date, end_date, expected_expense, assigned_budget, sale_value) VALUES (20, 20, 'CREADO', '2023-03-03', '2023-06-01', 1800000.00, 3000000.00, 4200000.00);

-- status pendiente --
INSERT INTO project_application (id, project_id, applicant_id, application_status, application_date, review_date, farm_name, area) VALUES (21,  1,  1,  'PENDIENTE', '2023-01-02', '2023-03-03', 'Finca el Talonario', 450);
INSERT INTO project_application (id, project_id, applicant_id, application_status, application_date, review_date, farm_name, area) VALUES (22,  1,  1,  'PENDIENTE', '2023-01-02', '2023-03-03', 'Finca el Túnel', 450);
INSERT INTO project_application (id, project_id, applicant_id, application_status, application_date, review_date, farm_name, area) VALUES (23,  2,  1,  'PENDIENTE', '2023-01-02', '2023-03-03', 'Finca el Puente', 450);
INSERT INTO project_application (id, project_id, applicant_id, application_status, application_date, review_date, farm_name, area) VALUES (24,  2,  1,  'PENDIENTE', '2023-01-02', '2023-03-03', 'Finca el Lapicero', 450);
INSERT INTO project_application (id, project_id, applicant_id, application_status, application_date, review_date, farm_name, area) VALUES (25,  2,  1,  'PENDIENTE', '2023-01-02', '2023-03-03', 'Finca el Hemisferio', 450);
INSERT INTO project_application (id, project_id, applicant_id, application_status, application_date, review_date, farm_name, area) VALUES (26,  2,  1,  'PENDIENTE', '2023-01-02', '2023-03-03', 'Finca el Cajón', 450);
INSERT INTO project_application (id, project_id, applicant_id, application_status, application_date, review_date, farm_name, area) VALUES (27,  2,  1,  'PENDIENTE', '2023-01-02', '2023-03-03', 'Finca el Sillón', 450);
INSERT INTO project_application (id, project_id, applicant_id, application_status, application_date, review_date, farm_name, area) VALUES (28,  2,  1,  'PENDIENTE', '2023-01-02', '2023-03-03', 'Finca el Cilindro', 450);
INSERT INTO project_application (id, project_id, applicant_id, application_status, application_date, review_date, farm_name, area) VALUES (29,  2,  1,  'PENDIENTE', '2023-01-02', '2023-03-03', 'Finca el Firulais', 450);
INSERT INTO project_application (id, project_id, applicant_id, application_status, application_date, review_date, farm_name, area) VALUES (30,  2,  1,  'PENDIENTE', '2023-01-02', '2023-03-03', 'Finca el Mártir', 450);




------------ project 1, sebastian (3) ------------
INSERT INTO project_application (id, project_id, applicant_id, application_status, application_date, review_date, farm_name, area) VALUES (51,  1,  3,  'APROBADO', '2023-01-02', '2023-03-03', 'Finca el Mesías', 450);
INSERT INTO crop (id, project_application_id, status, start_date, end_date, expected_expense, assigned_budget, sale_value) VALUES (51, 51, 'CREADO', '2023-03-03', '2023-06-01', 1700000.00, 2800000.00, 4500000.00);

INSERT INTO project_application (id, project_id, applicant_id, application_status, application_date, review_date, farm_name, area) VALUES (52,  1,  3,  'APROBADO', '2023-01-02', '2023-03-03', 'Finca la Canalización', 450);
INSERT INTO crop (id, project_application_id, status, start_date, end_date, expected_expense, assigned_budget, sale_value) VALUES (52, 52, 'CREADO', '2023-03-03', '2023-06-01', 1600000.00, 2700000.00, 4400000.00);

INSERT INTO project_application (id, project_id, applicant_id, application_status, application_date, review_date, farm_name, area) VALUES (53,  1,  3,  'APROBADO', '2023-01-02', '2023-03-03', 'Finca la Funeraria', 450);
INSERT INTO crop (id, project_application_id, status, start_date, end_date, expected_expense, assigned_budget, sale_value) VALUES (53, 53, 'CREADO', '2023-03-03', '2023-06-01', 1650000.00, 2750000.00, 4550000.00);

INSERT INTO project_application (id, project_id, applicant_id, application_status, application_date, review_date, farm_name, area) VALUES (54,  1,  3,  'APROBADO', '2023-01-02', '2023-03-03', 'Finca la Caña', 450);
INSERT INTO crop (id, project_application_id, status, start_date, end_date, expected_expense, assigned_budget, sale_value) VALUES (54, 54, 'CREADO', '2023-03-03', '2023-06-01', 1550000.00, 2650000.00, 4350000.00);

INSERT INTO project_application (id, project_id, applicant_id, application_status, application_date, review_date, farm_name, area) VALUES (55,  1,  3,  'APROBADO', '2023-01-02', '2023-03-03', 'Finca la Mansa', 450);
INSERT INTO crop (id, project_application_id, status, start_date, end_date, expected_expense, assigned_budget, sale_value) VALUES (55, 55, 'CREADO', '2023-03-03', '2023-06-01', 1700000.00, 2800000.00, 4500000.00);

INSERT INTO project_application (id, project_id, applicant_id, application_status, application_date, review_date, farm_name, area) VALUES (56,  1,  3,  'APROBADO', '2023-01-02', '2023-03-03', 'Finca el Bodeguero', 450);
INSERT INTO crop (id, project_application_id, status, start_date, end_date, expected_expense, assigned_budget, sale_value) VALUES (56, 56, 'CREADO', '2023-03-03', '2023-06-01', 1600000.00, 2700000.00, 4400000.00);

INSERT INTO project_application (id, project_id, applicant_id, application_status, application_date, review_date, farm_name, area) VALUES (57,  1,  3,  'APROBADO', '2023-01-02', '2023-03-03', 'Finca el Sol', 450);
INSERT INTO crop (id, project_application_id, status, start_date, end_date, expected_expense, assigned_budget, sale_value) VALUES (57, 57, 'CREADO', '2023-03-03', '2023-06-01', 1650000.00, 2750000.00, 4550000.00);

INSERT INTO project_application (id, project_id, applicant_id, application_status, application_date, review_date, farm_name, area) VALUES (58,  1,  3,  'APROBADO', '2023-01-02', '2023-03-03', 'Finca el Lunar', 450);
INSERT INTO crop (id, project_application_id, status, start_date, end_date, expected_expense, assigned_budget, sale_value) VALUES (58, 58, 'CREADO', '2023-03-03', '2023-06-01', 1550000.00, 2650000.00, 4350000.00);

INSERT INTO project_application (id, project_id, applicant_id, application_status, application_date, review_date, farm_name, area) VALUES (59,  1,  3,  'APROBADO', '2023-01-02', '2023-03-03', 'Finca el Potrero de Dios', 450);
INSERT INTO crop (id, project_application_id, status, start_date, end_date, expected_expense, assigned_budget, sale_value) VALUES (59, 59, 'CREADO', '2023-03-03', '2023-06-01', 1700000.00, 2800000.00, 4500000.00);

INSERT INTO project_application (id, project_id, applicant_id, application_status, application_date, review_date, farm_name, area) VALUES (60,  1,  3,  'APROBADO', '2023-01-02', '2023-03-03', 'Finca la Diagonalización', 450);
INSERT INTO crop (id, project_application_id, status, start_date, end_date, expected_expense, assigned_budget, sale_value) VALUES (60, 60, 'CREADO', '2023-03-03', '2023-06-01', 1600000.00, 2700000.00, 4400000.00);


------------ project 2, sebastian (3) ------------
INSERT INTO project_application (id, project_id, applicant_id, application_status, application_date, review_date, farm_name, area) VALUES (61,  2,  3,  'APROBADO', '2023-01-02', '2023-03-03', 'Finca el Cantar de los Cantares', 450);
INSERT INTO crop (id, project_application_id, status, start_date, end_date, expected_expense, assigned_budget, sale_value) VALUES (61, 61, 'CREADO', '2023-03-03', '2023-06-01', 1600000.00, 2700000.00, 4400000.00);

INSERT INTO project_application (id, project_id, applicant_id, application_status, application_date, review_date, farm_name, area) VALUES (62,  2,  3,  'APROBADO', '2023-01-02', '2023-03-03', 'Finca la Eucaristía', 450);
INSERT INTO crop (id, project_application_id, status, start_date, end_date, expected_expense, assigned_budget, sale_value) VALUES (62, 62, 'CREADO', '2023-03-03', '2023-06-01', 1650000.00, 2750000.00, 4550000.00);

INSERT INTO project_application (id, project_id, applicant_id, application_status, application_date, review_date, farm_name, area) VALUES (63,  2,  3,  'APROBADO', '2023-01-02', '2023-03-03', 'Finca la Sagrada Misa', 450);
INSERT INTO crop (id, project_application_id, status, start_date, end_date, expected_expense, assigned_budget, sale_value) VALUES (63, 63, 'CREADO', '2023-03-03', '2023-06-01', 1550000.00, 2650000.00, 4350000.00);

INSERT INTO project_application (id, project_id, applicant_id, application_status, application_date, review_date, farm_name, area) VALUES (64,  2,  3,  'APROBADO', '2023-01-02', '2023-03-03', 'Finca la Canción de Cristo', 450);
INSERT INTO crop (id, project_application_id, status, start_date, end_date, expected_expense, assigned_budget, sale_value) VALUES (64, 64, 'CREADO', '2023-03-03', '2023-06-01', 1600000.00, 2700000.00, 4400000.00);

INSERT INTO project_application (id, project_id, applicant_id, application_status, application_date, review_date, farm_name, area) VALUES (65,  2,  3,  'APROBADO', '2023-01-02', '2023-03-03', 'Finca la Santa Madre', 450);
INSERT INTO crop (id, project_application_id, status, start_date, end_date, expected_expense, assigned_budget, sale_value) VALUES (65, 65, 'CREADO', '2023-03-03', '2023-06-01', 1700000.00, 2800000.00, 4500000.00);

INSERT INTO project_application (id, project_id, applicant_id, application_status, application_date, review_date, farm_name, area) VALUES (66,  2,  3,  'APROBADO', '2023-01-02', '2023-03-03', 'Finca el Pentatéuco', 450);
INSERT INTO crop (id, project_application_id, status, start_date, end_date, expected_expense, assigned_budget, sale_value) VALUES (66, 66, 'CREADO', '2023-03-03', '2023-06-01', 1550000.00, 2650000.00, 4350000.00);

INSERT INTO project_application (id, project_id, applicant_id, application_status, application_date, review_date, farm_name, area) VALUES (67,  2,  3,  'APROBADO', '2023-01-02', '2023-03-03', 'Finca el Foragido', 450);
INSERT INTO crop (id, project_application_id, status, start_date, end_date, expected_expense, assigned_budget, sale_value) VALUES (67, 67, 'CREADO', '2023-03-03', '2023-06-01', 1600000.00, 2700000.00, 4400000.00);

INSERT INTO project_application (id, project_id, applicant_id, application_status, application_date, review_date, farm_name, area) VALUES (68,  2,  3,  'APROBADO', '2023-01-02', '2023-03-03', 'Finca el Picnic', 450);
INSERT INTO crop (id, project_application_id, status, start_date, end_date, expected_expense, assigned_budget, sale_value) VALUES (68, 68, 'CREADO', '2023-03-03', '2023-06-01', 1700000.00, 2800000.00, 4500000.00);

INSERT INTO project_application (id, project_id, applicant_id, application_status, application_date, review_date, farm_name, area) VALUES (69,  2,  3,  'APROBADO', '2023-01-02', '2023-03-03', 'Finca el Cordero Manso', 450);
INSERT INTO crop (id, project_application_id, status, start_date, end_date, expected_expense, assigned_budget, sale_value) VALUES (69, 69, 'CREADO', '2023-03-03', '2023-06-01', 1600000.00, 2700000.00, 4400000.00);

INSERT INTO project_application (id, project_id, applicant_id, application_status, application_date, review_date, farm_name, area) VALUES (70,  2,  3,  'APROBADO', '2023-01-02', '2023-03-03', 'Finca la Paz de Dios', 450);
INSERT INTO crop (id, project_application_id, status, start_date, end_date, expected_expense, assigned_budget, sale_value) VALUES (70, 70, 'CREADO', '2023-03-03', '2023-06-01', 1550000.00, 2650000.00, 4350000.00);







INSERT INTO project_application (id, project_id, applicant_id, application_status, application_date, review_date, farm_name, area) VALUES (71,  1,  3,  'PENDIENTE', '2023-01-02', '2023-03-03', 'Finca la Heterogénea', 450);
INSERT INTO project_application (id, project_id, applicant_id, application_status, application_date, review_date, farm_name, area) VALUES (72,  1,  3,  'PENDIENTE', '2023-01-02', '2023-03-03', 'Finca la Homogénea', 450);
INSERT INTO project_application (id, project_id, applicant_id, application_status, application_date, review_date, farm_name, area) VALUES (73,  2,  3,  'PENDIENTE', '2023-01-02', '2023-03-03', 'Finca la Ideal', 450);
INSERT INTO project_application (id, project_id, applicant_id, application_status, application_date, review_date, farm_name, area) VALUES (74,  2,  3,  'PENDIENTE', '2023-01-02', '2023-03-03', 'Finca la Linaza', 450);
INSERT INTO project_application (id, project_id, applicant_id, application_status, application_date, review_date, farm_name, area) VALUES (75,  2,  3,  'PENDIENTE', '2023-01-02', '2023-03-03', 'Finca la Porción de Alegría', 450);
INSERT INTO project_application (id, project_id, applicant_id, application_status, application_date, review_date, farm_name, area) VALUES (76,  2,  3,  'PENDIENTE', '2023-01-02', '2023-03-03', 'Finca la Penalización', 450);
INSERT INTO project_application (id, project_id, applicant_id, application_status, application_date, review_date, farm_name, area) VALUES (77,  2,  3,  'PENDIENTE', '2023-01-02', '2023-03-03', 'Finca la Carbonización', 450);
INSERT INTO project_application (id, project_id, applicant_id, application_status, application_date, review_date, farm_name, area) VALUES (78,  2,  3,  'PENDIENTE', '2023-01-02', '2023-03-03', 'Finca la Montura del Señor', 450);
INSERT INTO project_application (id, project_id, applicant_id, application_status, application_date, review_date, farm_name, area) VALUES (79,  2,  3,  'PENDIENTE', '2023-01-02', '2023-03-03', 'Finca la Cola de Dragón', 450);
INSERT INTO project_application (id, project_id, applicant_id, application_status, application_date, review_date, farm_name, area) VALUES (80,  2,  3,  'PENDIENTE', '2023-01-02', '2023-03-03', 'Finca la Odisea', 450);

INSERT INTO project_application (id, project_id, applicant_id, application_status, application_date, review_date, farm_name, area) VALUES (81,  2,  3,  'APROBADO', '2023-01-02', '2023-03-03', 'Finca la Paz de Dios', 450);
INSERT INTO crop (id, project_application_id, status, start_date, end_date, expected_expense, assigned_budget, sale_value) VALUES (81, 81, 'CREADO', '2024-05-12', '2025-06-01', 1550000.00, 2650000.00, 4350000.00);






-------------------------------  PROJECT_APPLICATION, CROP, CROP_REPORT  -------------------------------
------- project 17 ----------
INSERT INTO project_application (id, project_id, applicant_id, application_status, application_date, review_date, farm_name, area) VALUES (100,  17,  1,  'APROBADO', '2023-01-02', '2023-03-03', 'Finca El Progreso', 450);
INSERT INTO crop (id, project_application_id, status, start_date, end_date, expected_expense, assigned_budget, sale_value) VALUES (100, 100, 'CERRADO', '2023-03-03', '2023-06-01', 1500000.00, 2500000.00, 4000000.00);
INSERT INTO crop_report (id, crop_id, total_sale, assigned_budget, expected_expense, real_expense, profit, profitability) VALUES (100, 100, 4000000.00, 2500000.00, 1500000.00, 1400000.00, 2600000.00, 0.65);

INSERT INTO project_application (id, project_id, applicant_id, application_status, application_date, review_date, farm_name, area) VALUES (101,  17,  1,  'APROBADO', '2023-01-02', '2023-03-03', 'Finca La Esperanza', 300);
INSERT INTO crop (id, project_application_id, status, start_date, end_date, expected_expense, assigned_budget, sale_value) VALUES (101, 101, 'CERRADO', '2023-03-03', '2023-06-01', 1200000.00, 2200000.00, 3500000.00);
INSERT INTO crop_report (id, crop_id, total_sale, assigned_budget, expected_expense, real_expense, profit, profitability) VALUES (101, 101, 3500000.00, 2200000.00, 1200000.00, 1100000.00, 2400000.00, 0.686);

INSERT INTO project_application (id, project_id, applicant_id, application_status, application_date, review_date, farm_name, area) VALUES (102, 17, 2, 'APROBADO', '2023-02-01', '2023-03-15', 'Finca Los Pinos', 400);
INSERT INTO crop (id, project_application_id, status, start_date, end_date, expected_expense, assigned_budget, sale_value) VALUES (102, 102, 'CERRADO', '2023-03-16', '2023-06-20', 1400000.00, 2400000.00, 3700000.00);
INSERT INTO crop_report (id, crop_id, total_sale, assigned_budget, expected_expense, real_expense, profit, profitability) VALUES (102, 102, 3700000.00, 2400000.00, 1400000.00, 1350000.00, 2350000.00, 0.635);

INSERT INTO project_application (id, project_id, applicant_id, application_status, application_date, review_date, farm_name, area) VALUES (103, 17, 2, 'APROBADO', '2023-02-01', '2023-03-15', 'Finca El Paraíso', 350);
INSERT INTO crop (id, project_application_id, status, start_date, end_date, expected_expense, assigned_budget, sale_value) VALUES (103, 103, 'CERRADO', '2023-03-16', '2023-06-20', 1300000.00, 2300000.00, 3600000.00);
INSERT INTO crop_report (id, crop_id, total_sale, assigned_budget, expected_expense, real_expense, profit, profitability) VALUES (103, 103, 3600000.00, 2300000.00, 1300000.00, 1250000.00, 2350000.00, 0.653);

INSERT INTO project_application (id, project_id, applicant_id, application_status, application_date, review_date, farm_name, area) VALUES (104, 17, 2, 'APROBADO', '2023-02-01', '2023-03-15', 'Finca Los Robles', 500);
INSERT INTO crop (id, project_application_id, status, start_date, end_date, expected_expense, assigned_budget, sale_value) VALUES (104, 104, 'CERRADO', '2023-03-16', '2023-06-20', 1600000.00, 2600000.00, 4200000.00);
INSERT INTO crop_report (id, crop_id, total_sale, assigned_budget, expected_expense, real_expense, profit, profitability) VALUES (104, 104, 4200000.00, 2600000.00, 1600000.00, 1550000.00, 2650000.00, 0.631);

INSERT INTO project_application (id, project_id, applicant_id, application_status, application_date, review_date, farm_name, area) VALUES (105, 17, 2, 'APROBADO', '2023-02-01', '2023-03-15', 'Finca Las Flores', 450);
INSERT INTO crop (id, project_application_id, status, start_date, end_date, expected_expense, assigned_budget, sale_value) VALUES (105, 105, 'CERRADO', '2023-03-16', '2023-06-20', 1500000.00, 2500000.00, 3800000.00);
INSERT INTO crop_report (id, crop_id, total_sale, assigned_budget, expected_expense, real_expense, profit, profitability) VALUES (105, 105, 3800000.00, 2500000.00, 1500000.00, 1450000.00, 2350000.00, 0.618);

INSERT INTO project_application (id, project_id, applicant_id, application_status, application_date, review_date, farm_name, area) VALUES (106, 17, 2, 'APROBADO', '2023-02-01', '2023-03-15', 'Finca San Jorge', 550);
INSERT INTO crop (id, project_application_id, status, start_date, end_date, expected_expense, assigned_budget, sale_value) VALUES (106, 106, 'CERRADO', '2023-03-16', '2023-06-20', 1700000.00, 2700000.00, 4400000.00);
INSERT INTO crop_report (id, crop_id, total_sale, assigned_budget, expected_expense, real_expense, profit, profitability) VALUES (106, 106, 4400000.00, 2700000.00, 1700000.00, 1600000.00, 2700000.00, 0.614);


------ project 18------
INSERT INTO project_application (id, project_id, applicant_id, application_status, application_date, review_date, farm_name, area) VALUES (107, 18, 3, 'APROBADO', '2023-02-10', '2023-03-20', 'Finca El Triunfo', 380);
INSERT INTO crop (id, project_application_id, status, start_date, end_date, expected_expense, assigned_budget, sale_value) VALUES (107, 107, 'CERRADO', '2023-03-21', '2023-06-25', 1350000.00, 2300000.00, 3500000.00);
INSERT INTO crop_report (id, crop_id, total_sale, assigned_budget, expected_expense, real_expense, profit, profitability) VALUES (107, 107, 3500000.00, 2300000.00, 1350000.00, 1300000.00, 2200000.00, 0.629);

INSERT INTO project_application (id, project_id, applicant_id, application_status, application_date, review_date, farm_name, area) VALUES (108, 18, 3, 'APROBADO', '2023-02-10', '2023-03-20', 'Finca La Alegría', 420);
INSERT INTO crop (id, project_application_id, status, start_date, end_date, expected_expense, assigned_budget, sale_value) VALUES (108, 108, 'CERRADO', '2023-03-21', '2023-06-25', 1450000.00, 2350000.00, 3650000.00);
INSERT INTO crop_report (id, crop_id, total_sale, assigned_budget, expected_expense, real_expense, profit, profitability) VALUES (108, 108, 3650000.00, 2350000.00, 1450000.00, 1400000.00, 2250000.00, 0.616);

INSERT INTO project_application (id, project_id, applicant_id, application_status, application_date, review_date, farm_name, area) VALUES (109, 18, 3, 'APROBADO', '2023-02-10', '2023-03-20', 'Finca San Rafael', 400);
INSERT INTO crop (id, project_application_id, status, start_date, end_date, expected_expense, assigned_budget, sale_value) VALUES (109, 109, 'CERRADO', '2023-03-21', '2023-06-25', 1400000.00, 2400000.00, 3600000.00);
INSERT INTO crop_report (id, crop_id, total_sale, assigned_budget, expected_expense, real_expense, profit, profitability) VALUES (109, 109, 3600000.00, 2400000.00, 1400000.00, 1350000.00, 2250000.00, 0.625);

INSERT INTO project_application (id, project_id, applicant_id, application_status, application_date, review_date, farm_name, area) VALUES (110, 18, 3, 'APROBADO', '2023-02-10', '2023-03-20', 'Finca La Fortuna', 370);
INSERT INTO crop (id, project_application_id, status, start_date, end_date, expected_expense, assigned_budget, sale_value) VALUES (110, 110, 'CERRADO', '2023-03-21', '2023-06-25', 1320000.00, 2280000.00, 3520000.00);
INSERT INTO crop_report (id, crop_id, total_sale, assigned_budget, expected_expense, real_expense, profit, profitability) VALUES (110, 110, 3520000.00, 2280000.00, 1320000.00, 1270000.00, 2240000.00, 0.636);

INSERT INTO project_application (id, project_id, applicant_id, application_status, application_date, review_date, farm_name, area) VALUES (111, 18, 3, 'APROBADO', '2023-02-10', '2023-03-20', 'Finca El Edén', 390);
INSERT INTO crop (id, project_application_id, status, start_date, end_date, expected_expense, assigned_budget, sale_value) VALUES (111, 111, 'CERRADO', '2023-03-21', '2023-06-25', 1380000.00, 2320000.00, 3580000.00);
INSERT INTO crop_report (id, crop_id, total_sale, assigned_budget, expected_expense, real_expense, profit, profitability) VALUES (111, 111, 3580000.00, 2320000.00, 1380000.00, 1330000.00, 2250000.00, 0.628);












---------------------------------------  EXPENSE  ---------------------------------------
INSERT INTO expense (id, crop_id, expense_value, expense_description, expense_date) VALUES (1,  1,  1300000, 'MANO_DE_OBRA', '2023-03-03');
INSERT INTO expense (id, crop_id, expense_value, expense_description, expense_date) VALUES (2,  1,  456000,  'PESTICIDA',    '2023-03-03');
INSERT INTO expense (id, crop_id, expense_value, expense_description, expense_date) VALUES (3,  1,  456000,  'PESTICIDA',    '2023-03-03');
INSERT INTO expense (id, crop_id, expense_value, expense_description, expense_date) VALUES (4,  1,  1300000, 'MANO_DE_OBRA', '2023-03-03');
INSERT INTO expense (id, crop_id, expense_value, expense_description, expense_date) VALUES (5,  1,  456000,  'FERTILIZANTE', '2023-03-03');
INSERT INTO expense (id, crop_id, expense_value, expense_description, expense_date) VALUES (6,  1,  456000,  'FERTILIZANTE', '2023-03-03');
INSERT INTO expense (id, crop_id, expense_value, expense_description, expense_date) VALUES (7,  1,  456000,  'FERTILIZANTE', '2023-03-03');
INSERT INTO expense (id, crop_id, expense_value, expense_description, expense_date) VALUES (8,  1,  456000,  'FERTILIZANTE', '2023-03-03');
INSERT INTO expense (id, crop_id, expense_value, expense_description, expense_date) VALUES (9,  1,  456000,  'PESTICIDA',    '2023-03-03');
INSERT INTO expense (id, crop_id, expense_value, expense_description, expense_date) VALUES (10, 1,  1300000, 'MANO_DE_OBRA', '2023-03-03');
INSERT INTO expense (id, crop_id, expense_value, expense_description, expense_date) VALUES (11, 1,  1300000, 'MANO_DE_OBRA', '2023-03-03');
INSERT INTO expense (id, crop_id, expense_value, expense_description, expense_date) VALUES (12, 1,  456000,  'FERTILIZANTE', '2023-03-03');
INSERT INTO expense (id, crop_id, expense_value, expense_description, expense_date) VALUES (13, 1,  456000,  'FERTILIZANTE', '2023-03-03');
INSERT INTO expense (id, crop_id, expense_value, expense_description, expense_date) VALUES (14, 1,  456000,  'FERTILIZANTE', '2023-03-03');
INSERT INTO expense (id, crop_id, expense_value, expense_description, expense_date) VALUES (15, 1,  456000,  'FERTILIZANTE', '2023-03-03');

INSERT INTO expense (id, crop_id, expense_value, expense_description, expense_date) VALUES (16, 51, 1225000, 'FERTILIZANTE', '2023-03-03');
INSERT INTO expense (id, crop_id, expense_value, expense_description, expense_date) VALUES (17, 51, 152700,  'PESTICIDA',    '2023-03-03');
INSERT INTO expense (id, crop_id, expense_value, expense_description, expense_date) VALUES (18, 51, 120000,  'PESTICIDA',    '2023-03-03');
INSERT INTO expense (id, crop_id, expense_value, expense_description, expense_date) VALUES (19, 51, 1050000, 'MANO_DE_OBRA', '2023-03-03');
INSERT INTO expense (id, crop_id, expense_value, expense_description, expense_date) VALUES (20, 51, 230000,  'FERTILIZANTE', '2023-03-03');
INSERT INTO expense (id, crop_id, expense_value, expense_description, expense_date) VALUES (21, 51, 1230000, 'MANO_DE_OBRA', '2023-03-03');
INSERT INTO expense (id, crop_id, expense_value, expense_description, expense_date) VALUES (22, 51, 320000,  'FERTILIZANTE', '2023-03-03');
INSERT INTO expense (id, crop_id, expense_value, expense_description, expense_date) VALUES (23, 51, 105000,  'PESTICIDA',    '2023-03-03');
INSERT INTO expense (id, crop_id, expense_value, expense_description, expense_date) VALUES (24, 51, 90000,   'PESTICIDA',    '2023-03-03');
INSERT INTO expense (id, crop_id, expense_value, expense_description, expense_date) VALUES (25, 51, 900000,  'MANO_DE_OBRA', '2023-03-03');
INSERT INTO expense (id, crop_id, expense_value, expense_description, expense_date) VALUES (26, 51, 112000,  'FERTILIZANTE', '2023-03-03');
INSERT INTO expense (id, crop_id, expense_value, expense_description, expense_date) VALUES (27, 51, 210000,  'FERTILIZANTE', '2023-03-03');
INSERT INTO expense (id, crop_id, expense_value, expense_description, expense_date) VALUES (28, 51, 214500,  'PESTICIDA',    '2023-03-03');
INSERT INTO expense (id, crop_id, expense_value, expense_description, expense_date) VALUES (29, 51, 1150000, 'MANO_DE_OBRA', '2023-03-03');
INSERT INTO expense (id, crop_id, expense_value, expense_description, expense_date) VALUES (30, 51, 1230000, 'MANO_DE_OBRA', '2023-03-03');


-------------------------------------------- CropReport ------------------------------------------------

--INSERT INTO crop_report (id, crop_id, total_sale, assigned_budget, expected_expense, real_expense, profit, profitability) VALUES (1, 1, 1200.00, 1000.00, 500.00, 450.00, 750.00, 0.625);
--INSERT INTO crop_report (id, crop_id, total_sale, assigned_budget, expected_expense, real_expense, profit, profitability) VALUES (2, 2, 1500.00, 1100.00, 600.00, 550.00, 950.00, 0.633);
--INSERT INTO crop_report (id, crop_id, total_sale, assigned_budget, expected_expense, real_expense, profit, profitability) VALUES (3, 3, 1300.00, 1050.00, 520.00, 480.00, 820.00, 0.631);
--INSERT INTO crop_report (id, crop_id, total_sale, assigned_budget, expected_expense, real_expense, profit, profitability) VALUES (4, 4, 1400.00, 1080.00, 550.00, 500.00, 900.00, 0.643);
--INSERT INTO crop_report (id, crop_id, total_sale, assigned_budget, expected_expense, real_expense, profit, profitability) VALUES (5, 5, 1250.00, 1020.00, 510.00, 460.00, 790.00, 0.632);
--INSERT INTO crop_report (id, crop_id, total_sale, assigned_budget, expected_expense, real_expense, profit, profitability) VALUES (6, 6, 1350.00, 1060.00, 530.00, 490.00, 860.00, 0.637);
--INSERT INTO crop_report (id, crop_id, total_sale, assigned_budget, expected_expense, real_expense, profit, profitability) VALUES (7, 7, 1450.00, 1090.00, 560.00, 510.00, 940.00, 0.648);
--INSERT INTO crop_report (id, crop_id, total_sale, assigned_budget, expected_expense, real_expense, profit, profitability) VALUES (8, 8, 1100.00, 1000.00, 500.00, 450.00, 650.00, 0.591);
--INSERT INTO crop_report (id, crop_id, total_sale, assigned_budget, expected_expense, real_expense, profit, profitability) VALUES (9, 9, 1600.00, 1150.00, 580.00, 540.00, 1060.00, 0.663);
--INSERT INTO crop_report (id, crop_id, total_sale, assigned_budget, expected_expense, real_expense, profit, profitability) VALUES (10, 10, 1700.00, 1180.00, 590.00, 550.00, 1150.00, 0.676);
--INSERT INTO crop_report (id, crop_id, total_sale, assigned_budget, expected_expense, real_expense, profit, profitability) VALUES (11, 11, 1550.00, 1120.00, 570.00, 530.00, 1020.00, 0.658);


-------------------------------------------- ProjectReport ------------------------------------------------


INSERT INTO project_report (id, project_id, total_sale, total_budget, expected_expense, real_expense, profit, profitability) VALUES (1, 17, 22750000.00, 14200000.00, 8800000.00, 8000000.00, 14750000.00, 0.649);
INSERT INTO project_report (id, project_id, total_sale, total_budget, expected_expense, real_expense, profit, profitability) VALUES (2, 18, 17870000.00, 11650000.00, 6900000.00, 6650000.00, 11220000.00, 0.628);
INSERT INTO project_report (id, project_id, total_sale, total_budget, expected_expense, real_expense, profit, profitability) VALUES (3, 19, 15000000.00, 10000000.00, 6000000.00, 5800000.00, 9200000.00, 0.613);
INSERT INTO project_report (id, project_id, total_sale, total_budget, expected_expense, real_expense, profit, profitability) VALUES (4, 20, 16500000.00, 10500000.00, 7000000.00, 6800000.00, 9700000.00, 0.588);

--INSERT INTO project_report (id, project_id, total_sale, total_budget, expected_expense, real_expense, profit, profitability) VALUES (1, 17,  10000.00, 10000.00, 5000.00,  4500.00,  5500.00, 0.55);
--INSERT INTO project_report (id, project_id, total_sale, total_budget, expected_expense, real_expense, profit, profitability) VALUES (2, 18,  15000.00, 10000.00, 6000.00,  5500.00,  9500.00, 0.63);
--INSERT INTO project_report (id, project_id, total_sale, total_budget, expected_expense, real_expense, profit, profitability) VALUES (3, 19,  13000.00, 10000.00, 5200.00,  4800.00,  8200.00, 0.63);
--INSERT INTO project_report (id, project_id, total_sale, total_budget, expected_expense, real_expense, profit, profitability) VALUES (4, 20,  14000.00, 10000.00, 5500.00,  5000.00,  9000.00, 0.64);

