


----------------------------------  ROLE  ----------------------------------
INSERT INTO role (id, name) VALUES (1, 'ADMIN');
INSERT INTO role (id, name) VALUES (2, 'FARMER');



----------------------------------  USER  ----------------------------------
INSERT INTO user (id, first_name, last_name, email, password, enabled) VALUES (1,  'admin',     'admin',      'admin@yopmail.com',     '$2a$10$1kQmZRmgjO8RdhbekEicj.VY7XpIuvWKzIi4MMvoJaODFwbGQXA0i', true);
INSERT INTO user (id, first_name, last_name, email, password, enabled) VALUES (2,  'soloadmin', 'soloadmin',  'soloadmin@yopmail.com', '$2a$10$1kQmZRmgjO8RdhbekEicj.VY7XpIuvWKzIi4MMvoJaODFwbGQXA0i', true);
INSERT INTO user (id, first_name, last_name, email, password, enabled) VALUES (3,  'sebastian', 'silva',      'sesilvavi@gmail.com',   '$2a$10$1kQmZRmgjO8RdhbekEicj.VY7XpIuvWKzIi4MMvoJaODFwbGQXA0i', true);
INSERT INTO user (id, first_name, last_name, email, password, enabled) VALUES (4,  'user4',     'lastName4',  'user4@yopmail.com',     '$2a$10$1kQmZRmgjO8RdhbekEicj.VY7XpIuvWKzIi4MMvoJaODFwbGQXA0i', true);
INSERT INTO user (id, first_name, last_name, email, password, enabled) VALUES (5,  'user5',     'lastName5',  'user5@yopmail.com',     '$2a$10$1kQmZRmgjO8RdhbekEicj.VY7XpIuvWKzIi4MMvoJaODFwbGQXA0i', true);
INSERT INTO user (id, first_name, last_name, email, password, enabled) VALUES (6,  'user6',     'lastName6',  'user6@yopmail.com',     '$2a$10$1kQmZRmgjO8RdhbekEicj.VY7XpIuvWKzIi4MMvoJaODFwbGQXA0i', true);
INSERT INTO user (id, first_name, last_name, email, password, enabled) VALUES (7,  'user7',     'lastName7',  'user7@yopmail.com',     '$2a$10$1kQmZRmgjO8RdhbekEicj.VY7XpIuvWKzIi4MMvoJaODFwbGQXA0i', true);
INSERT INTO user (id, first_name, last_name, email, password, enabled) VALUES (8,  'user8',     'lastName8',  'user8@yopmail.com',     '$2a$10$1kQmZRmgjO8RdhbekEicj.VY7XpIuvWKzIi4MMvoJaODFwbGQXA0i', true);
INSERT INTO user (id, first_name, last_name, email, password, enabled) VALUES (9,  'user9',     'lastName9',  'user9@yopmail.com',     '$2a$10$1kQmZRmgjO8RdhbekEicj.VY7XpIuvWKzIi4MMvoJaODFwbGQXA0i', true);
INSERT INTO user (id, first_name, last_name, email, password, enabled) VALUES (10, 'user10',    'lastName10', 'user10@yopmail.com',    '$2a$10$1kQmZRmgjO8RdhbekEicj.VY7XpIuvWKzIi4MMvoJaODFwbGQXA0i', true);
INSERT INTO user (id, first_name, last_name, email, password, enabled) VALUES (11, 'user11',    'lastName11', 'user11@yopmail.com',    '$2a$10$1kQmZRmgjO8RdhbekEicj.VY7XpIuvWKzIi4MMvoJaODFwbGQXA0i', true);
INSERT INTO user (id, first_name, last_name, email, password, enabled) VALUES (12, 'user12',    'lastName12', 'user12@yopmail.com',    '$2a$10$1kQmZRmgjO8RdhbekEicj.VY7XpIuvWKzIi4MMvoJaODFwbGQXA0i', true);
INSERT INTO user (id, first_name, last_name, email, password, enabled) VALUES (13, 'user13',    'lastName13', 'user13@yopmail.com',    '$2a$10$1kQmZRmgjO8RdhbekEicj.VY7XpIuvWKzIi4MMvoJaODFwbGQXA0i', true);
INSERT INTO user (id, first_name, last_name, email, password, enabled) VALUES (14, 'user14',    'lastName14', 'user14@yopmail.com',    '$2a$10$1kQmZRmgjO8RdhbekEicj.VY7XpIuvWKzIi4MMvoJaODFwbGQXA0i', true);
INSERT INTO user (id, first_name, last_name, email, password, enabled) VALUES (15, 'user15',    'lastName15', 'user15@yopmail.com',    '$2a$10$1kQmZRmgjO8RdhbekEicj.VY7XpIuvWKzIi4MMvoJaODFwbGQXA0i', true);
INSERT INTO user (id, first_name, last_name, email, password, enabled) VALUES (16, 'user16',    'lastName16', 'user16@yopmail.com',    '$2a$10$1kQmZRmgjO8RdhbekEicj.VY7XpIuvWKzIi4MMvoJaODFwbGQXA0i', true);
INSERT INTO user (id, first_name, last_name, email, password, enabled) VALUES (17, 'user17',    'lastName17', 'user17@yopmail.com',    '$2a$10$1kQmZRmgjO8RdhbekEicj.VY7XpIuvWKzIi4MMvoJaODFwbGQXA0i', true);
INSERT INTO user (id, first_name, last_name, email, password, enabled) VALUES (18, 'user18',    'lastName18', 'user18@yopmail.com',    '$2a$10$1kQmZRmgjO8RdhbekEicj.VY7XpIuvWKzIi4MMvoJaODFwbGQXA0i', true);
INSERT INTO user (id, first_name, last_name, email, password, enabled) VALUES (19, 'user19',    'lastName19', 'user19@yopmail.com',    '$2a$10$1kQmZRmgjO8RdhbekEicj.VY7XpIuvWKzIi4MMvoJaODFwbGQXA0i', true);
INSERT INTO user (id, first_name, last_name, email, password, enabled) VALUES (20, 'user20',    'lastName20', 'user20@yopmail.com',    '$2a$10$1kQmZRmgjO8RdhbekEicj.VY7XpIuvWKzIi4MMvoJaODFwbGQXA0i', true);
INSERT INTO user (id, first_name, last_name, email, password, enabled) VALUES (21, 'user21',    'lastName21', 'user21@yopmail.com',    '$2a$10$1kQmZRmgjO8RdhbekEicj.VY7XpIuvWKzIi4MMvoJaODFwbGQXA0i', true);
INSERT INTO user (id, first_name, last_name, email, password, enabled) VALUES (22, 'user22',    'lastName22', 'user22@yopmail.com',    '$2a$10$1kQmZRmgjO8RdhbekEicj.VY7XpIuvWKzIi4MMvoJaODFwbGQXA0i', true);
INSERT INTO user (id, first_name, last_name, email, password, enabled) VALUES (23, 'user23',    'lastName23', 'user23@yopmail.com',    '$2a$10$1kQmZRmgjO8RdhbekEicj.VY7XpIuvWKzIi4MMvoJaODFwbGQXA0i', true);
INSERT INTO user (id, first_name, last_name, email, password, enabled) VALUES (24, 'user24',    'lastName24', 'user24@yopmail.com',    '$2a$10$1kQmZRmgjO8RdhbekEicj.VY7XpIuvWKzIi4MMvoJaODFwbGQXA0i', true);
INSERT INTO user (id, first_name, last_name, email, password, enabled) VALUES (25, 'user25',    'lastName25', 'user25@yopmail.com',    '$2a$10$1kQmZRmgjO8RdhbekEicj.VY7XpIuvWKzIi4MMvoJaODFwbGQXA0i', true);



--------------------------------  USER_ROLE  --------------------------------
INSERT INTO user_roles (user_id, role_id) VALUES (1,  1);
INSERT INTO user_roles (user_id, role_id) VALUES (1,  2);
INSERT INTO user_roles (user_id, role_id) VALUES (2,  1);
INSERT INTO user_roles (user_id, role_id) VALUES (3,  2);
INSERT INTO user_roles (user_id, role_id) VALUES (4,  2);
INSERT INTO user_roles (user_id, role_id) VALUES (5,  2);
INSERT INTO user_roles (user_id, role_id) VALUES (6,  2);
INSERT INTO user_roles (user_id, role_id) VALUES (7,  2);
INSERT INTO user_roles (user_id, role_id) VALUES (8,  2);
INSERT INTO user_roles (user_id, role_id) VALUES (9,  2);
INSERT INTO user_roles (user_id, role_id) VALUES (10, 2);
INSERT INTO user_roles (user_id, role_id) VALUES (11, 2);
INSERT INTO user_roles (user_id, role_id) VALUES (12, 2);
INSERT INTO user_roles (user_id, role_id) VALUES (13, 2);
INSERT INTO user_roles (user_id, role_id) VALUES (14, 2);
INSERT INTO user_roles (user_id, role_id) VALUES (15, 2);
INSERT INTO user_roles (user_id, role_id) VALUES (16, 2);
INSERT INTO user_roles (user_id, role_id) VALUES (17, 2);
INSERT INTO user_roles (user_id, role_id) VALUES (18, 2);
INSERT INTO user_roles (user_id, role_id) VALUES (19, 2);
INSERT INTO user_roles (user_id, role_id) VALUES (20, 2);
INSERT INTO user_roles (user_id, role_id) VALUES (21, 2);
INSERT INTO user_roles (user_id, role_id) VALUES (22, 2);
INSERT INTO user_roles (user_id, role_id) VALUES (23, 2);
INSERT INTO user_roles (user_id, role_id) VALUES (24, 2);
INSERT INTO user_roles (user_id, role_id) VALUES (25, 2);



--------------------------------------  FERTILIZER  --------------------------------------
INSERT INTO fertilizer (id, name, brand, price_per_gram) VALUES (1,  'fertilizer1',  'fertilizer1',  34.5);
INSERT INTO fertilizer (id, name, brand, price_per_gram) VALUES (2,  'fertilizer2',  'fertilizer2',  34.5);
INSERT INTO fertilizer (id, name, brand, price_per_gram) VALUES (3,  'fertilizer3',  'fertilizer3',  34.5);
INSERT INTO fertilizer (id, name, brand, price_per_gram) VALUES (4,  'fertilizer4',  'fertilizer4',  34.5);
INSERT INTO fertilizer (id, name, brand, price_per_gram) VALUES (5,  'fertilizer5',  'fertilizer5',  34.5);
INSERT INTO fertilizer (id, name, brand, price_per_gram) VALUES (6,  'fertilizer6',  'fertilizer6',  34.5);
INSERT INTO fertilizer (id, name, brand, price_per_gram) VALUES (7,  'fertilizer7',  'fertilizer7',  34.5);
INSERT INTO fertilizer (id, name, brand, price_per_gram) VALUES (8,  'fertilizer8',  'fertilizer8',  34.5);
INSERT INTO fertilizer (id, name, brand, price_per_gram) VALUES (9,  'fertilizer9',  'fertilizer9',  34.5);
INSERT INTO fertilizer (id, name, brand, price_per_gram) VALUES (10, 'fertilizer10', 'fertilizer10', 34.5);
INSERT INTO fertilizer (id, name, brand, price_per_gram) VALUES (11, 'fertilizer11', 'fertilizer11', 34.5);
INSERT INTO fertilizer (id, name, brand, price_per_gram) VALUES (12, 'fertilizer12', 'fertilizer12', 34.5);
INSERT INTO fertilizer (id, name, brand, price_per_gram) VALUES (13, 'fertilizer13', 'fertilizer13', 34.5);
INSERT INTO fertilizer (id, name, brand, price_per_gram) VALUES (14, 'fertilizer14', 'fertilizer14', 34.5);
INSERT INTO fertilizer (id, name, brand, price_per_gram) VALUES (15, 'fertilizer15', 'fertilizer15', 34.5);
INSERT INTO fertilizer (id, name, brand, price_per_gram) VALUES (16, 'fertilizer16', 'fertilizer16', 34.5);
INSERT INTO fertilizer (id, name, brand, price_per_gram) VALUES (17, 'fertilizer17', 'fertilizer17', 34.5);
INSERT INTO fertilizer (id, name, brand, price_per_gram) VALUES (18, 'fertilizer18', 'fertilizer18', 34.5);
INSERT INTO fertilizer (id, name, brand, price_per_gram) VALUES (19, 'fertilizer19', 'fertilizer19', 34.5);
INSERT INTO fertilizer (id, name, brand, price_per_gram) VALUES (20, 'fertilizer20', 'fertilizer20', 34.5);
INSERT INTO fertilizer (id, name, brand, price_per_gram) VALUES (21, 'fertilizer21', 'fertilizer21', 34.5);
INSERT INTO fertilizer (id, name, brand, price_per_gram) VALUES (22, 'fertilizer22', 'fertilizer22', 34.5);
INSERT INTO fertilizer (id, name, brand, price_per_gram) VALUES (23, 'fertilizer23', 'fertilizer23', 34.5);
INSERT INTO fertilizer (id, name, brand, price_per_gram) VALUES (24, 'fertilizer24', 'fertilizer24', 34.5);
INSERT INTO fertilizer (id, name, brand, price_per_gram) VALUES (25, 'fertilizer25', 'fertilizer25', 34.5);
INSERT INTO fertilizer (id, name, brand, price_per_gram) VALUES (26, 'fertilizer26', 'fertilizer26', 34.5);
INSERT INTO fertilizer (id, name, brand, price_per_gram) VALUES (27, 'fertilizer27', 'fertilizer27', 34.5);
INSERT INTO fertilizer (id, name, brand, price_per_gram) VALUES (28, 'fertilizer28', 'fertilizer28', 34.5);
INSERT INTO fertilizer (id, name, brand, price_per_gram) VALUES (29, 'fertilizer29', 'fertilizer29', 34.5);
INSERT INTO fertilizer (id, name, brand, price_per_gram) VALUES (30, 'fertilizer30', 'fertilizer30', 34.5);
INSERT INTO fertilizer (id, name, brand, price_per_gram) VALUES (31, 'fertilizer31', 'fertilizer31', 34.5);
INSERT INTO fertilizer (id, name, brand, price_per_gram) VALUES (32, 'fertilizer32', 'fertilizer32', 34.5);
INSERT INTO fertilizer (id, name, brand, price_per_gram) VALUES (33, 'fertilizer33', 'fertilizer33', 34.5);
INSERT INTO fertilizer (id, name, brand, price_per_gram) VALUES (34, 'fertilizer34', 'fertilizer34', 34.5);
INSERT INTO fertilizer (id, name, brand, price_per_gram) VALUES (35, 'fertilizer35', 'fertilizer35', 34.5);
INSERT INTO fertilizer (id, name, brand, price_per_gram) VALUES (36, 'fertilizer36', 'fertilizer36', 34.5);
INSERT INTO fertilizer (id, name, brand, price_per_gram) VALUES (37, 'fertilizer37', 'fertilizer37', 34.5);
INSERT INTO fertilizer (id, name, brand, price_per_gram) VALUES (38, 'fertilizer38', 'fertilizer38', 34.5);
INSERT INTO fertilizer (id, name, brand, price_per_gram) VALUES (39, 'fertilizer39', 'fertilizer39', 34.5);
INSERT INTO fertilizer (id, name, brand, price_per_gram) VALUES (40, 'fertilizer40', 'fertilizer40', 34.5);
INSERT INTO fertilizer (id, name, brand, price_per_gram) VALUES (41, 'fertilizer41', 'fertilizer41', 34.5);
INSERT INTO fertilizer (id, name, brand, price_per_gram) VALUES (42, 'fertilizer42', 'fertilizer42', 34.5);
INSERT INTO fertilizer (id, name, brand, price_per_gram) VALUES (43, 'fertilizer43', 'fertilizer43', 34.5);
INSERT INTO fertilizer (id, name, brand, price_per_gram) VALUES (44, 'fertilizer44', 'fertilizer44', 34.5);
INSERT INTO fertilizer (id, name, brand, price_per_gram) VALUES (45, 'fertilizer45', 'fertilizer45', 34.5);
INSERT INTO fertilizer (id, name, brand, price_per_gram) VALUES (46, 'fertilizer46', 'fertilizer46', 34.5);
INSERT INTO fertilizer (id, name, brand, price_per_gram) VALUES (47, 'fertilizer47', 'fertilizer47', 34.5);
INSERT INTO fertilizer (id, name, brand, price_per_gram) VALUES (48, 'fertilizer48', 'fertilizer48', 34.5);
INSERT INTO fertilizer (id, name, brand, price_per_gram) VALUES (49, 'fertilizer49', 'fertilizer49', 34.5);
INSERT INTO fertilizer (id, name, brand, price_per_gram) VALUES (50, 'fertilizer50', 'fertilizer50', 34.5);
INSERT INTO fertilizer (id, name, brand, price_per_gram) VALUES (51, 'fertilizer51', 'fertilizer51', 34.5);
INSERT INTO fertilizer (id, name, brand, price_per_gram) VALUES (52, 'fertilizer52', 'fertilizer52', 34.5);
INSERT INTO fertilizer (id, name, brand, price_per_gram) VALUES (53, 'fertilizer53', 'fertilizer53', 34.5);
INSERT INTO fertilizer (id, name, brand, price_per_gram) VALUES (54, 'fertilizer54', 'fertilizer54', 34.5);
INSERT INTO fertilizer (id, name, brand, price_per_gram) VALUES (55, 'fertilizer55', 'fertilizer55', 34.5);
INSERT INTO fertilizer (id, name, brand, price_per_gram) VALUES (56, 'fertilizer56', 'fertilizer56', 34.5);
INSERT INTO fertilizer (id, name, brand, price_per_gram) VALUES (57, 'fertilizer57', 'fertilizer57', 34.5);
INSERT INTO fertilizer (id, name, brand, price_per_gram) VALUES (58, 'fertilizer58', 'fertilizer58', 34.5);
INSERT INTO fertilizer (id, name, brand, price_per_gram) VALUES (59, 'fertilizer59', 'fertilizer59', 34.5);
INSERT INTO fertilizer (id, name, brand, price_per_gram) VALUES (60, 'fertilizer60', 'fertilizer60', 34.5);



--------------------------------------  PESTICIDE  --------------------------------------
INSERT INTO pesticide (id, name, brand, price_per_gram) VALUES (1,  'pesticide1',  'pesticide1',  34.5);
INSERT INTO pesticide (id, name, brand, price_per_gram) VALUES (2,  'pesticide2',  'pesticide2',  34.5);
INSERT INTO pesticide (id, name, brand, price_per_gram) VALUES (3,  'pesticide3',  'pesticide3',  34.5);
INSERT INTO pesticide (id, name, brand, price_per_gram) VALUES (4,  'pesticide4',  'pesticide4',  34.5);
INSERT INTO pesticide (id, name, brand, price_per_gram) VALUES (5,  'pesticide5',  'pesticide5',  34.5);
INSERT INTO pesticide (id, name, brand, price_per_gram) VALUES (6,  'pesticide6',  'pesticide6',  34.5);
INSERT INTO pesticide (id, name, brand, price_per_gram) VALUES (7,  'pesticide7',  'pesticide7',  34.5);
INSERT INTO pesticide (id, name, brand, price_per_gram) VALUES (8,  'pesticide8',  'pesticide8',  34.5);
INSERT INTO pesticide (id, name, brand, price_per_gram) VALUES (9,  'pesticide9',  'pesticide9',  34.5);
INSERT INTO pesticide (id, name, brand, price_per_gram) VALUES (10, 'pesticide10', 'pesticide10', 34.5);
INSERT INTO pesticide (id, name, brand, price_per_gram) VALUES (11, 'pesticide11', 'pesticide11', 34.5);
INSERT INTO pesticide (id, name, brand, price_per_gram) VALUES (12, 'pesticide12', 'pesticide12', 34.5);
INSERT INTO pesticide (id, name, brand, price_per_gram) VALUES (13, 'pesticide13', 'pesticide13', 34.5);
INSERT INTO pesticide (id, name, brand, price_per_gram) VALUES (14, 'pesticide14', 'pesticide14', 34.5);
INSERT INTO pesticide (id, name, brand, price_per_gram) VALUES (15, 'pesticide15', 'pesticide15', 34.5);
INSERT INTO pesticide (id, name, brand, price_per_gram) VALUES (16, 'pesticide16', 'pesticide16', 34.5);
INSERT INTO pesticide (id, name, brand, price_per_gram) VALUES (17, 'pesticide17', 'pesticide17', 34.5);
INSERT INTO pesticide (id, name, brand, price_per_gram) VALUES (18, 'pesticide18', 'pesticide18', 34.5);
INSERT INTO pesticide (id, name, brand, price_per_gram) VALUES (19, 'pesticide19', 'pesticide19', 34.5);
INSERT INTO pesticide (id, name, brand, price_per_gram) VALUES (20, 'pesticide20', 'pesticide20', 34.5);
INSERT INTO pesticide (id, name, brand, price_per_gram) VALUES (21, 'pesticide21', 'pesticide21', 34.5);
INSERT INTO pesticide (id, name, brand, price_per_gram) VALUES (22, 'pesticide22', 'pesticide22', 34.5);
INSERT INTO pesticide (id, name, brand, price_per_gram) VALUES (23, 'pesticide23', 'pesticide23', 34.5);
INSERT INTO pesticide (id, name, brand, price_per_gram) VALUES (24, 'pesticide24', 'pesticide24', 34.5);
INSERT INTO pesticide (id, name, brand, price_per_gram) VALUES (25, 'pesticide25', 'pesticide25', 34.5);
INSERT INTO pesticide (id, name, brand, price_per_gram) VALUES (26, 'pesticide26', 'pesticide26', 34.5);
INSERT INTO pesticide (id, name, brand, price_per_gram) VALUES (27, 'pesticide27', 'pesticide27', 34.5);
INSERT INTO pesticide (id, name, brand, price_per_gram) VALUES (28, 'pesticide28', 'pesticide28', 34.5);
INSERT INTO pesticide (id, name, brand, price_per_gram) VALUES (29, 'pesticide29', 'pesticide29', 34.5);
INSERT INTO pesticide (id, name, brand, price_per_gram) VALUES (30, 'pesticide30', 'pesticide30', 34.5);
INSERT INTO pesticide (id, name, brand, price_per_gram) VALUES (31, 'pesticide31', 'pesticide31', 34.5);
INSERT INTO pesticide (id, name, brand, price_per_gram) VALUES (32, 'pesticide32', 'pesticide32', 34.5);
INSERT INTO pesticide (id, name, brand, price_per_gram) VALUES (33, 'pesticide33', 'pesticide33', 34.5);
INSERT INTO pesticide (id, name, brand, price_per_gram) VALUES (34, 'pesticide34', 'pesticide34', 34.5);
INSERT INTO pesticide (id, name, brand, price_per_gram) VALUES (35, 'pesticide35', 'pesticide35', 34.5);
INSERT INTO pesticide (id, name, brand, price_per_gram) VALUES (36, 'pesticide36', 'pesticide36', 34.5);
INSERT INTO pesticide (id, name, brand, price_per_gram) VALUES (37, 'pesticide37', 'pesticide37', 34.5);
INSERT INTO pesticide (id, name, brand, price_per_gram) VALUES (38, 'pesticide38', 'pesticide38', 34.5);
INSERT INTO pesticide (id, name, brand, price_per_gram) VALUES (39, 'pesticide39', 'pesticide39', 34.5);
INSERT INTO pesticide (id, name, brand, price_per_gram) VALUES (40, 'pesticide40', 'pesticide40', 34.5);
INSERT INTO pesticide (id, name, brand, price_per_gram) VALUES (41, 'pesticide41', 'pesticide41', 34.5);
INSERT INTO pesticide (id, name, brand, price_per_gram) VALUES (42, 'pesticide42', 'pesticide42', 34.5);
INSERT INTO pesticide (id, name, brand, price_per_gram) VALUES (43, 'pesticide43', 'pesticide43', 34.5);
INSERT INTO pesticide (id, name, brand, price_per_gram) VALUES (44, 'pesticide44', 'pesticide44', 34.5);
INSERT INTO pesticide (id, name, brand, price_per_gram) VALUES (45, 'pesticide45', 'pesticide45', 34.5);
INSERT INTO pesticide (id, name, brand, price_per_gram) VALUES (46, 'pesticide46', 'pesticide46', 34.5);
INSERT INTO pesticide (id, name, brand, price_per_gram) VALUES (47, 'pesticide47', 'pesticide47', 34.5);
INSERT INTO pesticide (id, name, brand, price_per_gram) VALUES (48, 'pesticide48', 'pesticide48', 34.5);
INSERT INTO pesticide (id, name, brand, price_per_gram) VALUES (49, 'pesticide49', 'pesticide49', 34.5);
INSERT INTO pesticide (id, name, brand, price_per_gram) VALUES (50, 'pesticide50', 'pesticide50', 34.5);
INSERT INTO pesticide (id, name, brand, price_per_gram) VALUES (51, 'pesticide51', 'pesticide51', 34.5);
INSERT INTO pesticide (id, name, brand, price_per_gram) VALUES (52, 'pesticide52', 'pesticide52', 34.5);
INSERT INTO pesticide (id, name, brand, price_per_gram) VALUES (53, 'pesticide53', 'pesticide53', 34.5);
INSERT INTO pesticide (id, name, brand, price_per_gram) VALUES (54, 'pesticide54', 'pesticide54', 34.5);
INSERT INTO pesticide (id, name, brand, price_per_gram) VALUES (55, 'pesticide55', 'pesticide55', 34.5);
INSERT INTO pesticide (id, name, brand, price_per_gram) VALUES (56, 'pesticide56', 'pesticide56', 34.5);
INSERT INTO pesticide (id, name, brand, price_per_gram) VALUES (57, 'pesticide57', 'pesticide57', 34.5);
INSERT INTO pesticide (id, name, brand, price_per_gram) VALUES (58, 'pesticide58', 'pesticide58', 34.5);
INSERT INTO pesticide (id, name, brand, price_per_gram) VALUES (59, 'pesticide59', 'pesticide59', 34.5);
INSERT INTO pesticide (id, name, brand, price_per_gram) VALUES (60, 'pesticide60', 'pesticide60', 34.5);



--------------------------------------  CROP_TYPE  --------------------------------------
INSERT INTO crop_type (id, weather, name, plant_quantity_per_square_meter, harvest_time, fertilizer_quantity_per_plant, fertilizer_frequency, pesticide_quantity_per_plant, pesticide_frequency, fertilizer_id, pesticide_id) VALUES (1,  'TEMPLADO', 'Trigo',     100, 120, 2, 30, 1, 45, 1,  1);
INSERT INTO crop_type (id, weather, name, plant_quantity_per_square_meter, harvest_time, fertilizer_quantity_per_plant, fertilizer_frequency, pesticide_quantity_per_plant, pesticide_frequency, fertilizer_id, pesticide_id) VALUES (2,  'TEMPLADO', 'Manzana',   100, 120, 2, 1, 1, 1, 1,  1);
INSERT INTO crop_type (id, weather, name, plant_quantity_per_square_meter, harvest_time, fertilizer_quantity_per_plant, fertilizer_frequency, pesticide_quantity_per_plant, pesticide_frequency, fertilizer_id, pesticide_id) VALUES (3,  'TEMPLADO', 'Avena',     100, 120, 2, 30, 1, 45, 2,  1);
INSERT INTO crop_type (id, weather, name, plant_quantity_per_square_meter, harvest_time, fertilizer_quantity_per_plant, fertilizer_frequency, pesticide_quantity_per_plant, pesticide_frequency, fertilizer_id, pesticide_id) VALUES (4,  'TEMPLADO', 'Cebada',    100, 120, 2, 30, 1, 45, 3,  1);
INSERT INTO crop_type (id, weather, name, plant_quantity_per_square_meter, harvest_time, fertilizer_quantity_per_plant, fertilizer_frequency, pesticide_quantity_per_plant, pesticide_frequency, fertilizer_id, pesticide_id) VALUES (5,  'TEMPLADO', 'Remolacha', 100, 120, 2, 30, 1, 45, 4,  2);
INSERT INTO crop_type (id, weather, name, plant_quantity_per_square_meter, harvest_time, fertilizer_quantity_per_plant, fertilizer_frequency, pesticide_quantity_per_plant, pesticide_frequency, fertilizer_id, pesticide_id) VALUES (6,  'TROPICAL', 'Banano',    100, 120, 2, 30, 1, 45, 2,  2);
INSERT INTO crop_type (id, weather, name, plant_quantity_per_square_meter, harvest_time, fertilizer_quantity_per_plant, fertilizer_frequency, pesticide_quantity_per_plant, pesticide_frequency, fertilizer_id, pesticide_id) VALUES (7,  'TROPICAL', 'Papaya',    100, 120, 2, 30, 1, 45, 1,  3);
INSERT INTO crop_type (id, weather, name, plant_quantity_per_square_meter, harvest_time, fertilizer_quantity_per_plant, fertilizer_frequency, pesticide_quantity_per_plant, pesticide_frequency, fertilizer_id, pesticide_id) VALUES (8,  'TROPICAL', 'Mango',     100, 120, 2, 30, 1, 45, 5,  7);
INSERT INTO crop_type (id, weather, name, plant_quantity_per_square_meter, harvest_time, fertilizer_quantity_per_plant, fertilizer_frequency, pesticide_quantity_per_plant, pesticide_frequency, fertilizer_id, pesticide_id) VALUES (9,  'TROPICAL', 'Piña',      100, 120, 2, 30, 1, 45, 6,  8);
INSERT INTO crop_type (id, weather, name, plant_quantity_per_square_meter, harvest_time, fertilizer_quantity_per_plant, fertilizer_frequency, pesticide_quantity_per_plant, pesticide_frequency, fertilizer_id, pesticide_id) VALUES (10, 'TROPICAL', 'Coco',      100, 120, 2, 30, 1, 45, 7,  9);
INSERT INTO crop_type (id, weather, name, plant_quantity_per_square_meter, harvest_time, fertilizer_quantity_per_plant, fertilizer_frequency, pesticide_quantity_per_plant, pesticide_frequency, fertilizer_id, pesticide_id) VALUES (11, 'FRIO',     'Fresa',     100, 120, 2, 30, 1, 45, 8,  10);
INSERT INTO crop_type (id, weather, name, plant_quantity_per_square_meter, harvest_time, fertilizer_quantity_per_plant, fertilizer_frequency, pesticide_quantity_per_plant, pesticide_frequency, fertilizer_id, pesticide_id) VALUES (12, 'FRIO',     'Uva',       100, 120, 2, 30, 1, 45, 9,  3);
INSERT INTO crop_type (id, weather, name, plant_quantity_per_square_meter, harvest_time, fertilizer_quantity_per_plant, fertilizer_frequency, pesticide_quantity_per_plant, pesticide_frequency, fertilizer_id, pesticide_id) VALUES (13, 'FRIO',     'Arándano',  100, 120, 2, 30, 1, 45, 10, 4);
INSERT INTO crop_type (id, weather, name, plant_quantity_per_square_meter, harvest_time, fertilizer_quantity_per_plant, fertilizer_frequency, pesticide_quantity_per_plant, pesticide_frequency, fertilizer_id, pesticide_id) VALUES (14, 'FRIO',     'Col',       100, 120, 2, 30, 1, 45, 1,  5);
INSERT INTO crop_type (id, weather, name, plant_quantity_per_square_meter, harvest_time, fertilizer_quantity_per_plant, fertilizer_frequency, pesticide_quantity_per_plant, pesticide_frequency, fertilizer_id, pesticide_id) VALUES (15, 'FRIO',     'Zanahoria', 100, 120, 2, 30, 1, 45, 1,  6);
INSERT INTO crop_type (id, weather, name, plant_quantity_per_square_meter, harvest_time, fertilizer_quantity_per_plant, fertilizer_frequency, pesticide_quantity_per_plant, pesticide_frequency, fertilizer_id, pesticide_id) VALUES (16, 'CALIDO',   'Guayaba',   100, 120, 2, 30, 1, 45, 1,  7);
INSERT INTO crop_type (id, weather, name, plant_quantity_per_square_meter, harvest_time, fertilizer_quantity_per_plant, fertilizer_frequency, pesticide_quantity_per_plant, pesticide_frequency, fertilizer_id, pesticide_id) VALUES (17, 'CALIDO',   'Maíz',      100, 120, 2, 30, 1, 45, 1,  8);
INSERT INTO crop_type (id, weather, name, plant_quantity_per_square_meter, harvest_time, fertilizer_quantity_per_plant, fertilizer_frequency, pesticide_quantity_per_plant, pesticide_frequency, fertilizer_id, pesticide_id) VALUES (18, 'CALIDO',   'Sandía',    100, 120, 2, 30, 1, 45, 1,  9);
INSERT INTO crop_type (id, weather, name, plant_quantity_per_square_meter, harvest_time, fertilizer_quantity_per_plant, fertilizer_frequency, pesticide_quantity_per_plant, pesticide_frequency, fertilizer_id, pesticide_id) VALUES (19, 'CALIDO',   'Chile',     100, 120, 2, 30, 1, 45, 1,  10);
INSERT INTO crop_type (id, weather, name, plant_quantity_per_square_meter, harvest_time, fertilizer_quantity_per_plant, fertilizer_frequency, pesticide_quantity_per_plant, pesticide_frequency, fertilizer_id, pesticide_id) VALUES (20, 'CALIDO',   'Tomate',    100, 120, 2, 30, 1, 45, 1,  11);



---------------------------------------  PROJECT  ---------------------------------------
INSERT INTO project (id, crop_type_id, name, status, start_date, end_date, municipality, total_budget, image_url) VALUES(1,  1,  'Proyecto Trigo',   'CREADO',  '2023-01-01', '2023-12-31', 'Vegachí',       10000, 'assets/images/bg-01.jpg');
INSERT INTO project (id, crop_type_id, name, status, start_date, end_date, municipality, total_budget, image_url) VALUES(2,  2,  'Proyecto Manzana', 'CREADO',  '2023-01-01', '2023-12-31', 'Segovia',       10000, 'assets/images/info.jpg');
INSERT INTO project (id, crop_type_id, name, status, start_date, end_date, municipality, total_budget, image_url) VALUES(3,  3,  'Proyecto Avena',   'CREADO',  '2023-01-01', '2023-12-31', 'Remedios',      10000, 'assets/images/bg-verde-01.avif');
INSERT INTO project (id, crop_type_id, name, status, start_date, end_date, municipality, total_budget, image_url) VALUES(4,  4,  'Proyecto Cebada',  'CREADO',  '2023-01-01', '2023-12-31', 'Copacabana',    10000, 'assets/images/bg-verde-02.avif');
INSERT INTO project (id, crop_type_id, name, status, start_date, end_date, municipality, total_budget, image_url) VALUES(5,  1,  'Proyecto Trigo',   'CREADO',  '2023-01-01', '2023-12-31', 'Barbosa',       10000, 'assets/images/bg-verde-03.jpg');
INSERT INTO project (id, crop_type_id, name, status, start_date, end_date, municipality, total_budget, image_url) VALUES(6,  1,  'Proyecto Trigo',   'CREADO',  '2023-01-01', '2023-12-31', 'El Bagre',      10000, 'assets/images/bg-verde-04.jpg');
INSERT INTO project (id, crop_type_id, name, status, start_date, end_date, municipality, total_budget, image_url) VALUES(7,  1,  'Proyecto Trigo',   'CREADO',  '2023-01-01', '2023-12-31', 'Zaragosa',      10000, 'assets/images/bg-verde-05.jpg');
INSERT INTO project (id, crop_type_id, name, status, start_date, end_date, municipality, total_budget, image_url) VALUES(8,  8,  'Proyecto Mango',   'CREADO',  '2023-01-01', '2023-12-31', 'Itagüí',        10000, 'assets/images/bg-verde-06.avif');
INSERT INTO project (id, crop_type_id, name, status, start_date, end_date, municipality, total_budget, image_url) VALUES(9,  2,  'Proyecto Manzana', 'CREADO',  '2023-01-01', '2023-12-31', 'Caucasia',      10000, 'assets/images/bg-verde-07.jpg');
INSERT INTO project (id, crop_type_id, name, status, start_date, end_date, municipality, total_budget, image_url) VALUES(10, 10, 'Proyecto Coco',    'CERRADO', '2023-01-01', '2023-12-31', 'Puerto Berrío', 10000, 'assets/images/bg-verde-08.jpg');



--------------------------------------------------------------------------------------------------------------------------------------------------------
---------------------------------------------  PROJECT_APPLICATION  ------------  AND  ------------  CROP  ---------------------------------------------
--------------------------------------------------------------------------------------------------------------------------------------------------------

------------ project 1, admin (1) ------------
INSERT INTO project_application (id, project_id, applicant_id, application_status, application_date, review_date, farm_name, area) VALUES (1,  1,  1,  'APROBADO', '2023-01-02', '2023-03-03', 'Finca la Peña', 200);
INSERT INTO crop (id, project_application_id, status, start_date, end_date, expected_expense, assigned_budget, sale_value) VALUES (1, 1, 'CREADO', '2023-03-03', '2023-06-01', 500.00, 1000.00, 1200.00);

INSERT INTO project_application (id, project_id, applicant_id, application_status, application_date, review_date, farm_name, area) VALUES (2,  1,  1,  'APROBADO', '2023-01-02', '2023-03-03', 'Finca la Esmeralda', 220);
INSERT INTO crop (id, project_application_id, status, start_date, end_date, expected_expense, assigned_budget, sale_value) VALUES (2, 2, 'CREADO', '2023-03-03', '2023-06-01', 500.00, 1000.00, 1200.00);

INSERT INTO project_application (id, project_id, applicant_id, application_status, application_date, review_date, farm_name, area) VALUES (3,  1,  1,  'APROBADO', '2023-01-02', '2023-03-03', 'Finca la Veterana', 125);
INSERT INTO crop (id, project_application_id, status, start_date, end_date, expected_expense, assigned_budget, sale_value) VALUES (3, 3, 'CREADO', '2023-03-03', '2023-06-01', 500.00, 1000.00, 1200.00);

INSERT INTO project_application (id, project_id, applicant_id, application_status, application_date, review_date, farm_name, area) VALUES (4,  1,  1,  'APROBADO', '2023-01-02', '2023-03-03', 'Finca el Consorcio', 310);
INSERT INTO crop (id, project_application_id, status, start_date, end_date, expected_expense, assigned_budget, sale_value) VALUES (4, 4, 'CREADO', '2023-03-03', '2023-06-01', 500.00, 1000.00, 1200.00);

INSERT INTO project_application (id, project_id, applicant_id, application_status, application_date, review_date, farm_name, area) VALUES (5,  1,  1,  'APROBADO', '2023-01-02', '2023-03-03', 'Finca el Doradal', 300);
INSERT INTO crop (id, project_application_id, status, start_date, end_date, expected_expense, assigned_budget, sale_value) VALUES (5, 5, 'CREADO', '2023-03-03', '2023-06-01', 500.00, 1000.00, 1200.00);

INSERT INTO project_application (id, project_id, applicant_id, application_status, application_date, review_date, farm_name, area) VALUES (6,  1,  1,  'APROBADO', '2023-01-02', '2023-03-03', 'Finca el Hueso', 160);
INSERT INTO crop (id, project_application_id, status, start_date, end_date, expected_expense, assigned_budget, sale_value) VALUES (6, 6, 'CREADO', '2023-03-03', '2023-06-01', 500.00, 1000.00, 1200.00);

INSERT INTO project_application (id, project_id, applicant_id, application_status, application_date, review_date, farm_name, area) VALUES (7,  1,  1,  'APROBADO', '2023-01-02', '2023-03-03', 'Finca la Hormiga', 170);
INSERT INTO crop (id, project_application_id, status, start_date, end_date, expected_expense, assigned_budget, sale_value) VALUES (7, 7, 'CREADO', '2023-03-03', '2023-06-01', 500.00, 1000.00, 1200.00);

INSERT INTO project_application (id, project_id, applicant_id, application_status, application_date, review_date, farm_name, area) VALUES (8,  1,  1,  'APROBADO', '2023-01-02', '2023-03-03', 'Finca el Paraiso', 180);
INSERT INTO crop (id, project_application_id, status, start_date, end_date, expected_expense, assigned_budget, sale_value) VALUES (8, 8, 'CREADO', '2023-03-03', '2023-06-01', 500.00, 1000.00, 1200.00);

INSERT INTO project_application (id, project_id, applicant_id, application_status, application_date, review_date, farm_name, area) VALUES (9,  1,  1,  'APROBADO', '2023-01-02', '2023-03-03', 'Finca la Linda', 190);
INSERT INTO crop (id, project_application_id, status, start_date, end_date, expected_expense, assigned_budget, sale_value) VALUES (9, 9, 'CREADO', '2023-03-03', '2023-06-01', 500.00, 1000.00, 1200.00);

INSERT INTO project_application (id, project_id, applicant_id, application_status, application_date, review_date, farm_name, area) VALUES (10,  1,  1,  'APROBADO', '2023-01-02', '2023-03-03', 'Finca el Árbol', 160);
INSERT INTO crop (id, project_application_id, status, start_date, end_date, expected_expense, assigned_budget, sale_value) VALUES (10, 10, 'CREADO', '2023-03-03', '2023-06-01', 500.00, 1000.00, 1200.00);

INSERT INTO project_application (id, project_id, applicant_id, application_status, application_date, review_date, farm_name, area) VALUES (11,  1,  1,  'APROBADO', '2023-01-02', '2023-03-03', 'Finca la Camila', 260);
INSERT INTO crop (id, project_application_id, status, start_date, end_date, expected_expense, assigned_budget, sale_value) VALUES (11, 11, 'CREADO', '2023-03-03', '2023-06-01', 500.00, 1000.00, 1200.00);

INSERT INTO project_application (id, project_id, applicant_id, application_status, application_date, review_date, farm_name, area) VALUES (12,  1,  1,  'APROBADO', '2023-01-02', '2023-03-03', 'Finca el Balón', 360);
INSERT INTO crop (id, project_application_id, status, start_date, end_date, expected_expense, assigned_budget, sale_value) VALUES (12, 12, 'CREADO', '2023-03-03', '2023-06-01', 500.00, 1000.00, 1200.00);

INSERT INTO project_application (id, project_id, applicant_id, application_status, application_date, review_date, farm_name, area) VALUES (13,  1,  1,  'APROBADO', '2023-01-02', '2023-03-03', 'Finca la Loma', 120);
INSERT INTO crop (id, project_application_id, status, start_date, end_date, expected_expense, assigned_budget, sale_value) VALUES (13, 13, 'CREADO', '2023-03-03', '2023-06-01', 500.00, 1000.00, 1200.00);

------------ project 2, admin (1) ------------
INSERT INTO project_application (id, project_id, applicant_id, application_status, application_date, review_date, farm_name, area) VALUES (14,  2,  1,  'APROBADO', '2023-01-02', '2023-03-03', 'Finca el Camión', 140);
INSERT INTO crop (id, project_application_id, status, start_date, end_date, expected_expense, assigned_budget, sale_value) VALUES (14, 14, 'CREADO', '2023-03-03', '2023-06-01', 500.00, 1000.00, 1200.00);

INSERT INTO project_application (id, project_id, applicant_id, application_status, application_date, review_date, farm_name, area) VALUES (15,  2,  1,  'APROBADO', '2023-01-02', '2023-03-03', 'Finca la Colina', 120);
INSERT INTO crop (id, project_application_id, status, start_date, end_date, expected_expense, assigned_budget, sale_value) VALUES (15, 15, 'CREADO', '2023-03-03', '2023-06-01', 500.00, 1000.00, 1200.00);

INSERT INTO project_application (id, project_id, applicant_id, application_status, application_date, review_date, farm_name, area) VALUES (16,  2,  1,  'APROBADO', '2023-01-02', '2023-03-03', 'Finca el Camino Real', 160);
INSERT INTO crop (id, project_application_id, status, start_date, end_date, expected_expense, assigned_budget, sale_value) VALUES (16, 16, 'CREADO', '2023-03-03', '2023-06-01', 500.00, 1000.00, 1200.00);

INSERT INTO project_application (id, project_id, applicant_id, application_status, application_date, review_date, farm_name, area) VALUES (17,  2,  1,  'APROBADO', '2023-01-02', '2023-03-03', 'Finca la Pintada', 320);
INSERT INTO crop (id, project_application_id, status, start_date, end_date, expected_expense, assigned_budget, sale_value) VALUES (17, 17, 'CREADO', '2023-03-03', '2023-06-01', 500.00, 1000.00, 1200.00);

INSERT INTO project_application (id, project_id, applicant_id, application_status, application_date, review_date, farm_name, area) VALUES (18,  2,  1,  'APROBADO', '2023-01-02', '2023-03-03', 'Finca el Filo', 210);
INSERT INTO crop (id, project_application_id, status, start_date, end_date, expected_expense, assigned_budget, sale_value) VALUES (18, 18, 'CREADO', '2023-03-03', '2023-06-01', 500.00, 1000.00, 1200.00);

INSERT INTO project_application (id, project_id, applicant_id, application_status, application_date, review_date, farm_name, area) VALUES (19,  2,  1,  'APROBADO', '2023-01-02', '2023-03-03', 'Finca la Marea', 290);
INSERT INTO crop (id, project_application_id, status, start_date, end_date, expected_expense, assigned_budget, sale_value) VALUES (19, 19, 'CREADO', '2023-03-03', '2023-06-01', 500.00, 1000.00, 1200.00);

INSERT INTO project_application (id, project_id, applicant_id, application_status, application_date, review_date, farm_name, area) VALUES (20,  2,  1,  'APROBADO', '2023-01-02', '2023-03-03', 'Finca el Ferretero', 450);
INSERT INTO crop (id, project_application_id, status, start_date, end_date, expected_expense, assigned_budget, sale_value) VALUES (20, 20, 'CREADO', '2023-03-03', '2023-06-01', 500.00, 1000.00, 1200.00);

INSERT INTO project_application (id, project_id, applicant_id, application_status, application_date, review_date, farm_name, area) VALUES (21,  1,  1,  'PENDIENTE', '2023-01-02', '2023-03-03', 'Finca el Talonario', 450);
INSERT INTO project_application (id, project_id, applicant_id, application_status, application_date, review_date, farm_name, area) VALUES (22,  1,  1,  'PENDIENTE', '2023-01-02', '2023-03-03', 'Finca el Túnel', 450);
INSERT INTO project_application (id, project_id, applicant_id, application_status, application_date, review_date, farm_name, area) VALUES (23,  2,  1,  'PENDIENTE', '2023-01-02', '2023-03-03', 'Finca el Puente', 450);
INSERT INTO project_application (id, project_id, applicant_id, application_status, application_date, review_date, farm_name, area) VALUES (24,  2,  1,  'PENDIENTE', '2023-01-02', '2023-03-03', 'Finca el Lapicero', 450);
INSERT INTO project_application (id, project_id, applicant_id, application_status, application_date, review_date, farm_name, area) VALUES (25,  2,  1,  'PENDIENTE', '2023-01-02', '2023-03-03', 'Finca el Hemisferio', 450);
INSERT INTO project_application (id, project_id, applicant_id, application_status, application_date, review_date, farm_name, area) VALUES (26,  2,  1,  'PENDIENTE', '2023-01-02', '2023-03-03', 'Finca el Cajón', 450);
INSERT INTO project_application (id, project_id, applicant_id, application_status, application_date, review_date, farm_name, area) VALUES (27,  2,  1,  'PENDIENTE', '2023-01-02', '2023-03-03', 'Finca el Sillón', 450);
INSERT INTO project_application (id, project_id, applicant_id, application_status, application_date, review_date, farm_name, area) VALUES (28,  2,  1,  'PENDIENTE', '2023-01-02', '2023-03-03', 'Finca el Cilindro', 450);
INSERT INTO project_application (id, project_id, applicant_id, application_status, application_date, review_date, farm_name, area) VALUES (29,  2,  1,  'PENDIENTE', '2023-01-02', '2023-03-03', 'Finca el Firulais', 450);
INSERT INTO project_application (id, project_id, applicant_id, application_status, application_date, review_date, farm_name, area) VALUES (30,  2,  1,  'PENDIENTE', '2023-01-02', '2023-03-03', 'Finca el Mártir', 450);




------------ project 1, sebastian (3) ------------
INSERT INTO project_application (id, project_id, applicant_id, application_status, application_date, review_date, farm_name, area) VALUES (51,  1,  3,  'APROBADO', '2023-01-02', '2023-03-03', 'Finca el Mesías', 450);
INSERT INTO crop (id, project_application_id, status, start_date, end_date, expected_expense, assigned_budget, sale_value) VALUES (51, 51, 'CREADO', '2023-03-03', '2023-06-01', 500.00, 1000.00, 1200.00);

INSERT INTO project_application (id, project_id, applicant_id, application_status, application_date, review_date, farm_name, area) VALUES (52,  1,  3,  'APROBADO', '2023-01-02', '2023-03-03', 'Finca la Canalización', 450);
INSERT INTO crop (id, project_application_id, status, start_date, end_date, expected_expense, assigned_budget, sale_value) VALUES (52, 52, 'CREADO', '2023-03-03', '2023-06-01', 500.00, 1000.00, 1200.00);

INSERT INTO project_application (id, project_id, applicant_id, application_status, application_date, review_date, farm_name, area) VALUES (53,  1,  3,  'APROBADO', '2023-01-02', '2023-03-03', 'Finca la Funeraria', 450);
INSERT INTO crop (id, project_application_id, status, start_date, end_date, expected_expense, assigned_budget, sale_value) VALUES (53, 53, 'CREADO', '2023-03-03', '2023-06-01', 500.00, 1000.00, 1200.00);

INSERT INTO project_application (id, project_id, applicant_id, application_status, application_date, review_date, farm_name, area) VALUES (54,  1,  3,  'APROBADO', '2023-01-02', '2023-03-03', 'Finca la Caña', 450);
INSERT INTO crop (id, project_application_id, status, start_date, end_date, expected_expense, assigned_budget, sale_value) VALUES (54, 54, 'CREADO', '2023-03-03', '2023-06-01', 500.00, 1000.00, 1200.00);

INSERT INTO project_application (id, project_id, applicant_id, application_status, application_date, review_date, farm_name, area) VALUES (55,  1,  3,  'APROBADO', '2023-01-02', '2023-03-03', 'Finca la Mansa', 450);
INSERT INTO crop (id, project_application_id, status, start_date, end_date, expected_expense, assigned_budget, sale_value) VALUES (55, 55, 'CREADO', '2023-03-03', '2023-06-01', 500.00, 1000.00, 1200.00);

INSERT INTO project_application (id, project_id, applicant_id, application_status, application_date, review_date, farm_name, area) VALUES (56,  1,  3,  'APROBADO', '2023-01-02', '2023-03-03', 'Finca el Bodeguero', 450);
INSERT INTO crop (id, project_application_id, status, start_date, end_date, expected_expense, assigned_budget, sale_value) VALUES (56, 56, 'CREADO', '2023-03-03', '2023-06-01', 500.00, 1000.00, 1200.00);

INSERT INTO project_application (id, project_id, applicant_id, application_status, application_date, review_date, farm_name, area) VALUES (57,  1,  3,  'APROBADO', '2023-01-02', '2023-03-03', 'Finca el Sol', 450);
INSERT INTO crop (id, project_application_id, status, start_date, end_date, expected_expense, assigned_budget, sale_value) VALUES (57, 57, 'CREADO', '2023-03-03', '2023-06-01', 500.00, 1000.00, 1200.00);

INSERT INTO project_application (id, project_id, applicant_id, application_status, application_date, review_date, farm_name, area) VALUES (58,  1,  3,  'APROBADO', '2023-01-02', '2023-03-03', 'Finca el Lunar', 450);
INSERT INTO crop (id, project_application_id, status, start_date, end_date, expected_expense, assigned_budget, sale_value) VALUES (58, 58, 'CREADO', '2023-03-03', '2023-06-01', 500.00, 1000.00, 1200.00);

INSERT INTO project_application (id, project_id, applicant_id, application_status, application_date, review_date, farm_name, area) VALUES (59,  1,  3,  'APROBADO', '2023-01-02', '2023-03-03', 'Finca el Potrero de Dios', 450);
INSERT INTO crop (id, project_application_id, status, start_date, end_date, expected_expense, assigned_budget, sale_value) VALUES (59, 59, 'CREADO', '2023-03-03', '2023-06-01', 500.00, 1000.00, 1200.00);

INSERT INTO project_application (id, project_id, applicant_id, application_status, application_date, review_date, farm_name, area) VALUES (60,  1,  3,  'APROBADO', '2023-01-02', '2023-03-03', 'Finca la Diagonalización', 450);
INSERT INTO crop (id, project_application_id, status, start_date, end_date, expected_expense, assigned_budget, sale_value) VALUES (60, 60, 'CREADO', '2023-03-03', '2023-06-01', 500.00, 1000.00, 1200.00);

------------ project 2, sebastian (3) ------------
INSERT INTO project_application (id, project_id, applicant_id, application_status, application_date, review_date, farm_name, area) VALUES (61,  2,  3,  'APROBADO', '2023-01-02', '2023-03-03', 'Finca el Cantar de los Cantares', 450);
INSERT INTO crop (id, project_application_id, status, start_date, end_date, expected_expense, assigned_budget, sale_value) VALUES (61, 61, 'CREADO', '2023-03-03', '2023-06-01', 500.00, 1000.00, 1200.00);

INSERT INTO project_application (id, project_id, applicant_id, application_status, application_date, review_date, farm_name, area) VALUES (62,  2,  3,  'APROBADO', '2023-01-02', '2023-03-03', 'Finca la Eucaristía', 450);
INSERT INTO crop (id, project_application_id, status, start_date, end_date, expected_expense, assigned_budget, sale_value) VALUES (62, 62, 'CREADO', '2023-03-03', '2023-06-01', 500.00, 1000.00, 1200.00);

INSERT INTO project_application (id, project_id, applicant_id, application_status, application_date, review_date, farm_name, area) VALUES (63,  2,  3,  'APROBADO', '2023-01-02', '2023-03-03', 'Finca la Sagrada Misa', 450);
INSERT INTO crop (id, project_application_id, status, start_date, end_date, expected_expense, assigned_budget, sale_value) VALUES (63, 63, 'CREADO', '2023-03-03', '2023-06-01', 500.00, 1000.00, 1200.00);

INSERT INTO project_application (id, project_id, applicant_id, application_status, application_date, review_date, farm_name, area) VALUES (64,  2,  3,  'APROBADO', '2023-01-02', '2023-03-03', 'Finca la Canción de Cristo', 450);
INSERT INTO crop (id, project_application_id, status, start_date, end_date, expected_expense, assigned_budget, sale_value) VALUES (64, 64, 'CREADO', '2023-03-03', '2023-06-01', 500.00, 1000.00, 1200.00);

INSERT INTO project_application (id, project_id, applicant_id, application_status, application_date, review_date, farm_name, area) VALUES (65,  2,  3,  'APROBADO', '2023-01-02', '2023-03-03', 'Finca la Santa Madre', 450);
INSERT INTO crop (id, project_application_id, status, start_date, end_date, expected_expense, assigned_budget, sale_value) VALUES (65, 65, 'CREADO', '2023-03-03', '2023-06-01', 500.00, 1000.00, 1200.00);

INSERT INTO project_application (id, project_id, applicant_id, application_status, application_date, review_date, farm_name, area) VALUES (66,  2,  3,  'APROBADO', '2023-01-02', '2023-03-03', 'Finca el Pentatéuco', 450);
INSERT INTO crop (id, project_application_id, status, start_date, end_date, expected_expense, assigned_budget, sale_value) VALUES (66, 66, 'CREADO', '2023-03-03', '2023-06-01', 500.00, 1000.00, 1200.00);

INSERT INTO project_application (id, project_id, applicant_id, application_status, application_date, review_date, farm_name, area) VALUES (67,  2,  3,  'APROBADO', '2023-01-02', '2023-03-03', 'Finca el Foragido', 450);
INSERT INTO crop (id, project_application_id, status, start_date, end_date, expected_expense, assigned_budget, sale_value) VALUES (67, 67, 'CREADO', '2023-03-03', '2023-06-01', 500.00, 1000.00, 1200.00);

INSERT INTO project_application (id, project_id, applicant_id, application_status, application_date, review_date, farm_name, area) VALUES (68,  2,  3,  'APROBADO', '2023-01-02', '2023-03-03', 'Finca el Picnic', 450);
INSERT INTO crop (id, project_application_id, status, start_date, end_date, expected_expense, assigned_budget, sale_value) VALUES (68, 68, 'CREADO', '2023-03-03', '2023-06-01', 500.00, 1000.00, 1200.00);

INSERT INTO project_application (id, project_id, applicant_id, application_status, application_date, review_date, farm_name, area) VALUES (69,  2,  3,  'APROBADO', '2023-01-02', '2023-03-03', 'Finca el Cordero Manso', 450);
INSERT INTO crop (id, project_application_id, status, start_date, end_date, expected_expense, assigned_budget, sale_value) VALUES (69, 69, 'CREADO', '2023-03-03', '2023-06-01', 500.00, 1000.00, 1200.00);

INSERT INTO project_application (id, project_id, applicant_id, application_status, application_date, review_date, farm_name, area) VALUES (70,  2,  3,  'APROBADO', '2023-01-02', '2023-03-03', 'Finca la Paz de Dios', 450);
INSERT INTO crop (id, project_application_id, status, start_date, end_date, expected_expense, assigned_budget, sale_value) VALUES (70, 70, 'CREADO', '2023-03-03', '2023-06-01', 500.00, 1000.00, 1200.00);

INSERT INTO project_application (id, project_id, applicant_id, application_status, application_date, review_date, farm_name, area) VALUES (71,  1,  3,  'PENDIENTE', '2023-01-02', '2023-03-03', 'Finca la Heterogénea', 450);
INSERT INTO project_application (id, project_id, applicant_id, application_status, application_date, review_date, farm_name, area) VALUES (72,  1,  3,  'PENDIENTE', '2023-01-02', '2023-03-03', 'Finca la Homogénea', 450);
INSERT INTO project_application (id, project_id, applicant_id, application_status, application_date, review_date, farm_name, area) VALUES (73,  2,  3,  'PENDIENTE', '2023-01-02', '2023-03-03', 'Finca la Ideal', 450);
INSERT INTO project_application (id, project_id, applicant_id, application_status, application_date, review_date, farm_name, area) VALUES (74,  2,  3,  'PENDIENTE', '2023-01-02', '2023-03-03', 'Finca la Linaza', 450);
INSERT INTO project_application (id, project_id, applicant_id, application_status, application_date, review_date, farm_name, area) VALUES (75,  2,  3,  'PENDIENTE', '2023-01-02', '2023-03-03', 'Finca la Porción de Alegría', 450);
INSERT INTO project_application (id, project_id, applicant_id, application_status, application_date, review_date, farm_name, area) VALUES (76,  2,  3,  'PENDIENTE', '2023-01-02', '2023-03-03', 'Finca la Penalización', 450);
INSERT INTO project_application (id, project_id, applicant_id, application_status, application_date, review_date, farm_name, area) VALUES (77,  2,  3,  'PENDIENTE', '2023-01-02', '2023-03-03', 'Finca la Carbonización', 450);
INSERT INTO project_application (id, project_id, applicant_id, application_status, application_date, review_date, farm_name, area) VALUES (78,  2,  3,  'PENDIENTE', '2023-01-02', '2023-03-03', 'Finca la Montura del Señor', 450);
INSERT INTO project_application (id, project_id, applicant_id, application_status, application_date, review_date, farm_name, area) VALUES (79,  2,  3,  'PENDIENTE', '2023-01-02', '2023-03-03', 'Finca la Cola de Dragón', 450);
INSERT INTO project_application (id, project_id, applicant_id, application_status, application_date, review_date, farm_name, area) VALUES (80,  2,  3,  'PENDIENTE', '2023-01-02', '2023-03-03', 'Finca la Odisea', 450);

INSERT INTO project_application (id, project_id, applicant_id, application_status, application_date, review_date, farm_name, area) VALUES (81,  2,  3,  'APROBADO', '2023-01-02', '2023-03-03', 'Finca la Paz de Dios', 450);
INSERT INTO crop (id, project_application_id, status, start_date, end_date, expected_expense, assigned_budget, sale_value) VALUES (81, 81, 'CREADO', '2024-05-12', '2025-06-01', 500.00, 1000.00, 1200.00);






---------------------------------------  EXPENSE  ---------------------------------------
INSERT INTO expense (id, crop_id, expense_value, expense_description, expense_date) VALUES (1, 1,  131.1, 'MANO_DE_OBRA', '2023-03-03');
INSERT INTO expense (id, crop_id, expense_value, expense_description, expense_date) VALUES (2, 1,  131.1, 'PESTICIDA',    '2023-03-03');
INSERT INTO expense (id, crop_id, expense_value, expense_description, expense_date) VALUES (3, 1,  131.1, 'PESTICIDA',    '2023-03-03');
INSERT INTO expense (id, crop_id, expense_value, expense_description, expense_date) VALUES (4, 1,  131.1, 'MANO_DE_OBRA', '2023-03-03');
INSERT INTO expense (id, crop_id, expense_value, expense_description, expense_date) VALUES (5, 1,  131.1, 'FERTILIZANTE', '2023-03-03');
INSERT INTO expense (id, crop_id, expense_value, expense_description, expense_date) VALUES (6, 1,  131.1, 'FERTILIZANTE', '2023-03-03');
INSERT INTO expense (id, crop_id, expense_value, expense_description, expense_date) VALUES (7, 1,  131.1, 'FERTILIZANTE', '2023-03-03');
INSERT INTO expense (id, crop_id, expense_value, expense_description, expense_date) VALUES (8, 1,  131.1, 'FERTILIZANTE', '2023-03-03');
INSERT INTO expense (id, crop_id, expense_value, expense_description, expense_date) VALUES (9, 1,  131.1, 'PESTICIDA',    '2023-03-03');
INSERT INTO expense (id, crop_id, expense_value, expense_description, expense_date) VALUES (10, 1, 131.1, 'MANO_DE_OBRA', '2023-03-03');
INSERT INTO expense (id, crop_id, expense_value, expense_description, expense_date) VALUES (11, 1, 131.1, 'MANO_DE_OBRA', '2023-03-03');
INSERT INTO expense (id, crop_id, expense_value, expense_description, expense_date) VALUES (12, 1, 131.1, 'FERTILIZANTE', '2023-03-03');
INSERT INTO expense (id, crop_id, expense_value, expense_description, expense_date) VALUES (13, 1, 131.1, 'FERTILIZANTE', '2023-03-03');
INSERT INTO expense (id, crop_id, expense_value, expense_description, expense_date) VALUES (14, 1, 131.1, 'FERTILIZANTE', '2023-03-03');
INSERT INTO expense (id, crop_id, expense_value, expense_description, expense_date) VALUES (15, 1, 131.1, 'FERTILIZANTE', '2023-03-03');

INSERT INTO expense (id, crop_id, expense_value, expense_description, expense_date) VALUES (16, 51, 131.1, 'FERTILIZANTE', '2023-03-03');
INSERT INTO expense (id, crop_id, expense_value, expense_description, expense_date) VALUES (17, 51, 131.1, 'PESTICIDA',    '2023-03-03');
INSERT INTO expense (id, crop_id, expense_value, expense_description, expense_date) VALUES (18, 51, 131.1, 'PESTICIDA',    '2023-03-03');
INSERT INTO expense (id, crop_id, expense_value, expense_description, expense_date) VALUES (19, 51, 131.1, 'MANO_DE_OBRA', '2023-03-03');
INSERT INTO expense (id, crop_id, expense_value, expense_description, expense_date) VALUES (20, 51, 131.1, 'FERTILIZANTE', '2023-03-03');
INSERT INTO expense (id, crop_id, expense_value, expense_description, expense_date) VALUES (21, 51, 131.1, 'MANO_DE_OBRA', '2023-03-03');
INSERT INTO expense (id, crop_id, expense_value, expense_description, expense_date) VALUES (22, 51, 131.1, 'FERTILIZANTE', '2023-03-03');
INSERT INTO expense (id, crop_id, expense_value, expense_description, expense_date) VALUES (23, 51, 131.1, 'PESTICIDA',    '2023-03-03');
INSERT INTO expense (id, crop_id, expense_value, expense_description, expense_date) VALUES (24, 51, 131.1, 'PESTICIDA',    '2023-03-03');
INSERT INTO expense (id, crop_id, expense_value, expense_description, expense_date) VALUES (25, 51, 131.1, 'MANO_DE_OBRA', '2023-03-03');
INSERT INTO expense (id, crop_id, expense_value, expense_description, expense_date) VALUES (26, 51, 131.1, 'FERTILIZANTE', '2023-03-03');
INSERT INTO expense (id, crop_id, expense_value, expense_description, expense_date) VALUES (27, 51, 131.1, 'FERTILIZANTE', '2023-03-03');
INSERT INTO expense (id, crop_id, expense_value, expense_description, expense_date) VALUES (28, 51, 131.1, 'PESTICIDA',    '2023-03-03');
INSERT INTO expense (id, crop_id, expense_value, expense_description, expense_date) VALUES (29, 51, 131.1, 'MANO_DE_OBRA', '2023-03-03');
INSERT INTO expense (id, crop_id, expense_value, expense_description, expense_date) VALUES (30, 51, 131.1, 'MANO_DE_OBRA', '2023-03-03');


-------------------------------------------- CropReport ------------------------------------------------

INSERT INTO crop_report (id, crop_id, total_sale, assigned_budget, expected_expense, real_expense, profit, profitability) VALUES (1, 1, 1200.00, 1000.00, 500.00, 450.00, 750.00, 0.625);
INSERT INTO crop_report (id, crop_id, total_sale, assigned_budget, expected_expense, real_expense, profit, profitability) VALUES (2, 2, 1500.00, 1100.00, 600.00, 550.00, 950.00, 0.633);
INSERT INTO crop_report (id, crop_id, total_sale, assigned_budget, expected_expense, real_expense, profit, profitability) VALUES (3, 3, 1300.00, 1050.00, 520.00, 480.00, 820.00, 0.631);
INSERT INTO crop_report (id, crop_id, total_sale, assigned_budget, expected_expense, real_expense, profit, profitability) VALUES (4, 4, 1400.00, 1080.00, 550.00, 500.00, 900.00, 0.643);
INSERT INTO crop_report (id, crop_id, total_sale, assigned_budget, expected_expense, real_expense, profit, profitability) VALUES (5, 5, 1250.00, 1020.00, 510.00, 460.00, 790.00, 0.632);
INSERT INTO crop_report (id, crop_id, total_sale, assigned_budget, expected_expense, real_expense, profit, profitability) VALUES (6, 6, 1350.00, 1060.00, 530.00, 490.00, 860.00, 0.637);
INSERT INTO crop_report (id, crop_id, total_sale, assigned_budget, expected_expense, real_expense, profit, profitability) VALUES (7, 7, 1450.00, 1090.00, 560.00, 510.00, 940.00, 0.648);
INSERT INTO crop_report (id, crop_id, total_sale, assigned_budget, expected_expense, real_expense, profit, profitability) VALUES (8, 8, 1100.00, 1000.00, 500.00, 450.00, 650.00, 0.591);
INSERT INTO crop_report (id, crop_id, total_sale, assigned_budget, expected_expense, real_expense, profit, profitability) VALUES (9, 9, 1600.00, 1150.00, 580.00, 540.00, 1060.00, 0.663);
INSERT INTO crop_report (id, crop_id, total_sale, assigned_budget, expected_expense, real_expense, profit, profitability) VALUES (10, 10, 1700.00, 1180.00, 590.00, 550.00, 1150.00, 0.676);
INSERT INTO crop_report (id, crop_id, total_sale, assigned_budget, expected_expense, real_expense, profit, profitability) VALUES (11, 11, 1550.00, 1120.00, 570.00, 530.00, 1020.00, 0.658);


-------------------------------------------- ProjectReport ------------------------------------------------

INSERT INTO project_report (id, project_id, total_sale, total_budget, expected_expense, real_expense, profit, profitability) VALUES (1, 1,  10000.00, 10000.00, 5000.00,  4500.00,  5500.00, 0.55);
INSERT INTO project_report (id, project_id, total_sale, total_budget, expected_expense, real_expense, profit, profitability) VALUES (2, 2,  15000.00, 10000.00, 6000.00,  5500.00,  9500.00, 0.63);
INSERT INTO project_report (id, project_id, total_sale, total_budget, expected_expense, real_expense, profit, profitability) VALUES (3, 3,  13000.00, 10000.00, 5200.00,  4800.00,  8200.00, 0.63);
INSERT INTO project_report (id, project_id, total_sale, total_budget, expected_expense, real_expense, profit, profitability) VALUES (4, 4,  14000.00, 10000.00, 5500.00,  5000.00,  9000.00, 0.64);
INSERT INTO project_report (id, project_id, total_sale, total_budget, expected_expense, real_expense, profit, profitability) VALUES (5, 5,  12500.00, 10000.00, 5100.00,  4600.00,  7900.00, 0.63);
INSERT INTO project_report (id, project_id, total_sale, total_budget, expected_expense, real_expense, profit, profitability) VALUES (6, 6,  13500.00, 10000.00, 5300.00,  4900.00,  8600.00, 0.64);
INSERT INTO project_report (id, project_id, total_sale, total_budget, expected_expense, real_expense, profit, profitability) VALUES (7, 7,  14500.00, 10000.00, 5600.00,  5100.00,  9400.00, 0.65);
INSERT INTO project_report (id, project_id, total_sale, total_budget, expected_expense, real_expense, profit, profitability) VALUES (8, 8,  11000.00, 10000.00, 5000.00,  4500.00,  6500.00, 0.59);
INSERT INTO project_report (id, project_id, total_sale, total_budget, expected_expense, real_expense, profit, profitability) VALUES (9, 9,  16000.00, 10000.00, 5800.00,  5400.00, 10600.00, 0.66);
INSERT INTO project_report (id, project_id, total_sale, total_budget, expected_expense, real_expense, profit, profitability) VALUES (10, 10, 17000.00, 10000.00, 5900.00,  5500.00, 11500.00, 0.68);
INSERT INTO project_report (id, project_id, total_sale, total_budget, expected_expense, real_expense, profit, profitability) VALUES (11, 2, 15500.00, 10000.00, 5700.00,  5300.00, 10200.00, 0.66);
